Origin,CRSElapsedTime,AirTime,Distance,Year,IsWeekend,Season,CRSArr_TimeOfDay,CRSDep_TimeOfDay,dest_temperature_2m_mean,dest_wind_speed_10m_max,dest_wind_gusts_10m_max,dest_precipitation_sum,dest_rain_sum,dest_snowfall_sum,dest_precipitation_hours,dest_weather_code,dest_temperature_2m_range,origin_temperature_2m_mean,origin_wind_speed_10m_max,origin_wind_gusts_10m_max,origin_precipitation_sum,origin_rain_sum,origin_snowfall_sum,origin_precipitation_hours,origin_weather_code,origin_temperature_2m_range,airline_name,SinMonth,CosMonth,SinDay,CosDay
MSP,153.0,127.0,980.0,2021,1,Summer,Afternoon,Morning,11.4,10.5,41.8,0.4,0.4,0.0,3.0,51,9.8,21.0,12.8,31.0,0.0,0.0,0.0,0.0,3,8.7,Republic Airline,-0.4999999999999998,-0.8660254037844388,0.8486442574947509,0.5289640103269624
ORD,120.0,87.0,678.0,2022,0,Spring,Morning,Morning,7.1,10.7,41.0,0.3,0.3,0.0,2.0,51,12.6,16.9,29.1,58.0,0.0,0.0,0.0,0.0,3,13.5,American Airlines Inc.,0.49999999999999994,-0.8660254037844387,0.0,1.0
FLL,163.0,150.0,992.0,2024,0,Winter,Morning,Morning,-24.0,11.7,34.9,0.0,0.0,0.0,0.0,3,18.4,15.1,20.4,39.6,0.0,0.0,0.0,0.0,0,10.9,Spirit Air Lines,0.8660254037844386,0.5000000000000001,0.39435585511331855,0.9189578116202306
CLT,96.0,74.0,449.0,2025,1,Summer,Morning,Morning,12.9,16.6,47.5,0.0,0.0,0.0,0.0,1,13.2,27.2,18.8,43.6,0.0,0.0,0.0,0.0,2,11.0,American Airlines Inc.,-0.4999999999999998,-0.8660254037844388,0.8486442574947509,0.5289640103269624
ORD,123.0,89.0,678.0,2024,0,Fall,Morning,Morning,-2.3,8.5,25.9,0.2,0.2,0.0,2.0,51,10.9,13.8,15.3,34.6,0.0,0.0,0.0,0.0,3,10.2,American Airlines Inc.,-0.8660254037844386,0.5000000000000001,0.0,1.0
MHT,84.0,65.0,289.0,2020,0,Summer,Morning,Morning,5.0,9.0,34.6,5.1,5.1,0.0,10.0,61,8.4,19.2,16.5,41.4,0.0,0.0,0.0,0.0,3,9.5,PSA Airlines Inc.,-0.4999999999999998,-0.8660254037844388,0.5712682150947923,0.8207634412072763
CLT,99.0,65.0,449.0,2025,0,Spring,Night,Night,-12.4,8.6,24.8,0.0,0.0,0.0,0.0,1,13.5,16.7,31.6,66.6,0.1,0.1,0.0,1.0,51,9.8,American Airlines Inc.,1.0,6.123233995736766e-17,0.5712682150947923,0.8207634412072763
DTW,93.0,74.0,453.0,2023,0,Fall,Evening,Afternoon,-3.6,17.8,84.2,0.7,0.0,0.49,3.0,73,12.899999999999999,1.3,18.4,39.6,0.2,0.0,0.14,2.0,71,8.100000000000001,American Airlines Inc.,-0.8660254037844386,0.5000000000000001,0.20129852008866006,0.9795299412524945
BNA,125.0,97.0,675.0,2024,1,Fall,Afternoon,Morning,-4.6,9.5,27.4,0.8,0.0,0.56,2.0,73,6.8,18.7,16.0,33.5,1.0,1.0,0.0,5.0,51,6.300000000000001,Southwest Airlines Co.,-0.8660254037844386,0.5000000000000001,0.8486442574947509,0.5289640103269624
ORD,129.0,84.0,678.0,2021,0,Fall,Night,Evening,-14.4,10.6,74.5,0.0,0.0,0.0,0.0,2,10.7,2.8,30.3,60.8,0.0,0.0,0.0,0.0,3,9.0,American Airlines Inc.,-0.5000000000000004,0.8660254037844384,0.5712682150947923,0.8207634412072763
MSY,166.0,148.0,1089.0,2022,0,Spring,Afternoon,Morning,-2.1,7.9,46.4,0.0,0.0,0.0,0.0,0,11.2,21.7,26.7,47.5,3.8,3.8,0.0,7.0,63,6.899999999999999,American Airlines Inc.,0.8660254037844387,-0.49999999999999983,0.72479278722912,0.6889669190756866
BOS,103.0,56.0,280.0,2020,0,Spring,Afternoon,Afternoon,-11.9,6.9,23.4,0.3,0.0,0.21,3.0,71,10.3,9.4,20.5,40.7,0.2,0.2,0.0,1.0,51,10.200000000000001,Republic Airline,1.0,6.123233995736766e-17,0.39435585511331855,0.9189578116202306
PHX,274.0,256.0,2075.0,2022,0,Fall,Afternoon,Morning,6.0,9.3,38.2,0.5,0.5,0.0,2.0,51,10.2,35.2,15.5,26.6,0.0,0.0,0.0,0.0,1,13.399999999999999,American Airlines Inc.,-1.0,-1.8369701987210297e-16,0.39435585511331855,0.9189578116202306
PHX,280.0,243.0,2075.0,2023,0,Summer,Evening,Morning,5.7,10.0,59.8,0.0,0.0,0.0,0.0,3,9.9,30.5,18.3,35.3,0.0,0.0,0.0,0.0,1,14.200000000000003,American Airlines Inc.,1.2246467991473532e-16,-1.0,0.5712682150947923,0.8207634412072763
FLL,175.0,138.0,992.0,2020,0,Spring,Afternoon,Morning,-11.1,6.6,22.7,0.0,0.0,0.0,0.0,3,11.200000000000001,21.2,24.9,46.4,0.0,0.0,0.0,0.0,3,5.200000000000003,Southwest Airlines Co.,1.0,6.123233995736766e-17,0.0,1.0
IAH,205.0,163.0,1325.0,2023,0,Summer,Evening,Afternoon,0.8,6.9,28.4,5.7,5.7,0.0,14.0,55,7.0,25.5,14.7,31.7,0.9,0.9,0.0,6.0,51,10.8,United Air Lines Inc.,1.2246467991473532e-16,-1.0,0.5712682150947923,0.8207634412072763
DEN,215.0,174.0,1558.0,2022,1,Fall,Night,Evening,-4.7,8.4,42.5,0.0,0.0,0.0,0.0,3,13.3,15.2,26.2,55.4,1.9,1.9,0.0,2.0,61,10.200000000000001,Southwest Airlines Co.,-0.8660254037844386,0.5000000000000001,0.9377521321470804,0.3473052528448203
MKE,129.0,88.0,690.0,2022,0,Summer,Evening,Afternoon,10.4,7.7,31.7,2.1,2.1,0.0,6.0,53,11.100000000000001,19.1,26.1,51.1,0.0,0.0,0.0,0.0,0,7.399999999999999,PSA Airlines Inc.,1.2246467991473532e-16,-1.0,0.0,1.0
ATL,115.0,86.0,666.0,2021,0,Fall,Night,Night,-10.3,7.8,51.8,0.0,0.0,0.0,0.0,0,11.5,19.8,13.7,23.4,0.0,0.0,0.0,0.0,3,8.2,Delta Air Lines Inc.,-0.8660254037844386,0.5000000000000001,0.20129852008866006,0.9795299412524945
BOS,93.0,63.0,280.0,2024,1,Summer,Afternoon,Afternoon,9.5,8.4,28.1,3.7,3.7,0.0,9.0,61,8.3,25.8,18.6,39.6,11.8,11.8,0.0,7.0,65,7.199999999999999,JetBlue Airways,-0.8660254037844384,-0.5000000000000004,0.9377521321470804,0.3473052528448203
FLL,159.0,129.0,992.0,2021,1,Spring,Morning,Morning,-2.3,10.2,52.6,0.0,0.0,0.0,0.0,3,10.6,24.7,29.2,55.4,1.5,1.5,0.0,9.0,51,5.200000000000003,Spirit Air Lines,0.49999999999999994,-0.8660254037844387,0.9377521321470804,0.3473052528448203
MSN,125.0,107.0,764.0,2023,0,Fall,Evening,Afternoon,4.8,10.8,34.9,0.0,0.0,0.0,0.0,3,12.8,24.4,21.3,39.6,4.8,4.8,0.0,9.0,63,6.5,PSA Airlines Inc.,-1.0,-1.8369701987210297e-16,0.39435585511331855,0.9189578116202306
STL,130.0,101.0,814.0,2024,0,Fall,Morning,Morning,-7.2,9.4,29.2,0.0,0.0,0.0,0.0,0,12.200000000000001,22.9,29.7,59.0,0.0,0.0,0.0,0.0,3,7.400000000000002,American Airlines Inc.,-0.8660254037844386,0.5000000000000001,0.39435585511331855,0.9189578116202306
BTV,103.0,68.0,335.0,2022,1,Winter,Morning,Morning,-19.2,9.6,27.0,0.0,0.0,0.0,0.0,0,12.299999999999999,-9.1,32.2,64.8,0.1,0.0,0.14,1.0,71,7.9,PSA Airlines Inc.,-2.4492935982947064e-16,1.0,0.9377521321470804,0.3473052528448203
SFO,312.0,269.0,2521.0,2023,0,Fall,Afternoon,Morning,-6.0,6.8,31.3,6.5,0.0,4.55,13.0,73,8.399999999999999,12.9,16.1,31.0,0.0,0.0,0.0,0.0,3,8.2,American Airlines Inc.,-0.5000000000000004,0.8660254037844384,0.5712682150947923,0.8207634412072763
ORF,68.0,43.0,212.0,2021,1,Fall,Morning,Morning,-0.2,12.6,83.2,2.0,0.0,1.4,7.0,73,9.3,18.3,12.1,24.5,0.0,0.0,0.0,0.0,3,13.600000000000001,PSA Airlines Inc.,-0.8660254037844386,0.5000000000000001,0.8486442574947509,0.5289640103269624
BDL,78.0,56.0,196.0,2024,1,Spring,Morning,Morning,-6.0,10.5,41.4,0.3,0.0,0.21,3.0,71,14.4,1.4,25.3,54.0,49.0,49.0,0.0,16.0,65,2.5999999999999996,PSA Airlines Inc.,1.0,6.123233995736766e-17,0.8486442574947509,0.5289640103269624
GRR,122.0,87.0,573.0,2020,0,Winter,Morning,Morning,-15.0,7.1,35.3,0.0,0.0,0.0,0.0,3,9.299999999999999,2.8,14.5,29.2,0.0,0.0,0.0,0.0,3,4.7,PSA Airlines Inc.,0.49999999999999994,0.8660254037844387,0.72479278722912,0.6889669190756866
DFW,183.0,156.0,1303.0,2021,1,Fall,Morning,Morning,-20.2,7.7,25.9,1.6,0.0,1.12,13.0,71,11.000000000000002,12.7,19.5,34.9,4.5,4.5,0.0,4.0,63,8.100000000000001,American Airlines Inc.,-0.5000000000000004,0.8660254037844384,0.9377521321470804,0.3473052528448203
MCO,149.0,107.0,861.0,2024,0,Spring,Night,Night,-16.9,6.9,25.6,1.7,0.0,1.19,12.0,71,7.500000000000002,20.8,18.9,37.8,0.4,0.4,0.0,3.0,51,9.8,Frontier Airlines Inc.,1.0,6.123233995736766e-17,0.72479278722912,0.6889669190756866
TPA,168.0,150.0,920.0,2023,0,Summer,Evening,Evening,8.2,13.3,42.1,1.1,1.1,0.0,1.0,55,12.5,29.6,14.8,31.3,2.8,2.8,0.0,3.0,63,9.099999999999998,Frontier Airlines Inc.,-0.4999999999999998,-0.8660254037844388,0.0,1.0
BOS,88.0,62.0,280.0,2021,0,Fall,Morning,Morning,-12.5,11.5,64.4,5.4,0.0,3.78,11.0,73,13.399999999999999,17.5,18.4,33.5,0.1,0.1,0.0,1.0,51,6.099999999999998,Republic Airline,-0.8660254037844386,0.5000000000000001,0.72479278722912,0.6889669190756866
BHM,138.0,105.0,772.0,2024,0,Summer,Evening,Afternoon,7.3,10.1,42.5,0.7,0.7,0.0,3.0,51,10.4,26.1,9.4,22.3,0.0,0.0,0.0,0.0,2,11.8,PSA Airlines Inc.,-0.4999999999999998,-0.8660254037844388,0.5712682150947923,0.8207634412072763
MDW,121.0,90.0,668.0,2024,0,Fall,Night,Evening,-6.4,8.4,27.4,0.0,0.0,0.0,0.0,2,12.3,19.2,34.8,69.1,7.2,7.2,0.0,5.0,63,10.999999999999998,Frontier Airlines Inc.,-0.8660254037844386,0.5000000000000001,0.5712682150947923,0.8207634412072763
DFW,201.0,154.0,1303.0,2023,0,Spring,Afternoon,Morning,-7.0,8.4,27.4,0.3,0.0,0.21,3.0,71,14.100000000000001,24.1,22.4,46.8,1.0,1.0,0.0,4.0,53,8.700000000000003,American Airlines Inc.,0.49999999999999994,-0.8660254037844387,0.20129852008866006,0.9795299412524945
MCO,146.0,121.0,861.0,2021,0,Fall,Afternoon,Afternoon,-10.8,10.4,63.0,0.0,0.0,0.0,0.0,2,10.700000000000001,23.2,10.0,22.7,8.5,8.5,0.0,8.0,63,6.800000000000001,American Airlines Inc.,-0.8660254037844386,0.5000000000000001,0.0,1.0
ATL,115.0,96.0,666.0,2025,0,Winter,Night,Night,-16.2,9.7,25.6,0.0,0.0,0.0,0.0,3,13.899999999999999,18.7,15.4,33.1,2.6,2.6,0.0,4.0,61,7.0,Delta Air Lines Inc.,0.8660254037844386,0.5000000000000001,0.72479278722912,0.6889669190756866
CLT,99.0,71.0,449.0,2025,0,Spring,Evening,Afternoon,-3.1,6.8,29.9,31.7,3.3,19.88,17.0,75,5.5,20.3,26.3,62.3,5.2,5.2,0.0,9.0,61,8.599999999999998,American Airlines Inc.,0.49999999999999994,-0.8660254037844387,0.72479278722912,0.6889669190756866
CMH,94.0,64.0,406.0,2024,0,Summer,Morning,Morning,3.7,9.7,37.4,3.5,2.0,1.05,4.0,75,10.7,15.9,16.9,36.7,0.0,0.0,0.0,0.0,3,8.4,PSA Airlines Inc.,1.2246467991473532e-16,-1.0,0.0,1.0
BGR,112.0,83.0,473.0,2021,0,Fall,Afternoon,Afternoon,4.2,9.5,35.6,4.1,4.1,0.0,7.0,61,9.6,16.9,22.7,49.3,7.0,7.0,0.0,12.0,61,8.900000000000002,PSA Airlines Inc.,-1.0,-1.8369701987210297e-16,0.39435585511331855,0.9189578116202306
SEA,305.0,281.0,2378.0,2023,0,Summer,Evening,Morning,7.4,9.7,43.9,1.2,1.2,0.0,6.0,53,12.7,20.6,8.3,22.7,0.0,0.0,0.0,0.0,3,10.7,Alaska Airlines Inc.,-0.8660254037844384,-0.5000000000000004,0.20129852008866006,0.9795299412524945
SFO,314.0,284.0,2521.0,2022,1,Winter,Morning,Night,-20.6,8.8,24.1,0.0,0.0,0.0,0.0,0,13.899999999999999,9.7,15.2,26.3,0.0,0.0,0.0,0.0,3,6.3,American Airlines Inc.,-2.4492935982947064e-16,1.0,0.8486442574947509,0.5289640103269624
BOS,94.0,56.0,280.0,2024,0,Summer,Evening,Evening,5.4,10.4,38.5,5.3,4.1,0.84,6.0,75,10.7,27.2,23.0,42.8,0.4,0.4,0.0,1.0,51,14.700000000000003,American Airlines Inc.,1.2246467991473532e-16,-1.0,0.39435585511331855,0.9189578116202306
DCA,64.0,30.0,119.0,2022,0,Fall,Evening,Afternoon,3.1,8.6,35.3,0.0,0.0,0.0,0.0,3,8.8,24.2,13.0,26.6,3.7,3.7,0.0,8.0,61,5.399999999999999,PSA Airlines Inc.,-1.0,-1.8369701987210297e-16,0.0,1.0
DFW,185.0,163.0,1303.0,2021,1,Fall,Afternoon,Morning,-16.2,10.5,35.6,0.0,0.0,0.0,0.0,3,11.3,17.9,29.7,49.3,0.0,0.0,0.0,0.0,3,4.0,American Airlines Inc.,-0.5000000000000004,0.8660254037844384,0.9377521321470804,0.3473052528448203
SJU,250.0,221.0,1576.0,2021,0,Fall,Afternoon,Afternoon,-8.2,7.3,21.2,0.0,0.0,0.0,0.0,1,12.8,26.7,13.2,28.1,9.4,9.4,0.0,7.0,65,6.0,Frontier Airlines Inc.,-0.8660254037844386,0.5000000000000001,0.72479278722912,0.6889669190756866
PIT,95.0,52.0,268.0,2021,0,Summer,Evening,Afternoon,6.1,7.2,38.2,0.2,0.2,0.0,1.0,51,11.1,24.1,14.7,39.6,0.1,0.1,0.0,1.0,51,13.400000000000002,American Airlines Inc.,-0.8660254037844384,-0.5000000000000004,0.72479278722912,0.6889669190756866
SFO,340.0,278.0,2521.0,2021,0,Spring,Evening,Morning,1.4,9.0,47.5,2.2,2.1,0.07,7.0,71,12.6,12.5,34.5,62.3,0.0,0.0,0.0,0.0,3,6.700000000000001,American Airlines Inc.,0.49999999999999994,-0.8660254037844387,0.72479278722912,0.6889669190756866
JAX,130.0,99.0,742.0,2020,0,Winter,Afternoon,Afternoon,-12.6,7.7,40.7,0.0,0.0,0.0,0.0,3,13.600000000000001,18.5,19.3,38.2,25.0,25.0,0.0,12.0,63,3.8000000000000007,Republic Airline,0.8660254037844386,0.5000000000000001,0.20129852008866006,0.9795299412524945
SAT,212.0,187.0,1496.0,2024,0,Fall,Evening,Afternoon,-7.2,9.4,29.2,0.0,0.0,0.0,0.0,0,12.200000000000001,25.5,23.3,52.6,1.7,1.7,0.0,9.0,51,9.0,American Airlines Inc.,-0.8660254037844386,0.5000000000000001,0.39435585511331855,0.9189578116202306
GRR,101.0,86.0,573.0,2020,0,Summer,Afternoon,Afternoon,11.9,9.4,36.7,0.7,0.7,0.0,3.0,51,12.9,25.7,17.4,41.0,0.0,0.0,0.0,0.0,2,12.2,PSA Airlines Inc.,-0.8660254037844384,-0.5000000000000004,0.0,1.0
BOS,98.0,57.0,280.0,2020,0,Winter,Afternoon,Afternoon,-16.8,8.0,28.8,0.0,0.0,0.0,0.0,3,11.700000000000001,1.7,29.2,52.2,0.0,0.0,0.0,0.0,3,5.6000000000000005,JetBlue Airways,0.49999999999999994,0.8660254037844387,0.39435585511331855,0.9189578116202306
CMH,85.0,58.0,406.0,2023,1,Spring,Morning,Morning,-3.2,8.4,59.4,0.1,0.0,0.07,1.0,71,7.3,8.6,14.1,25.2,0.0,0.0,0.0,0.0,0,13.6,American Airlines Inc.,0.8660254037844387,-0.49999999999999983,0.9377521321470804,0.3473052528448203
GSP,106.0,80.0,515.0,2025,0,Summer,Morning,Morning,11.0,13.4,41.8,0.0,0.0,0.0,0.0,3,13.599999999999998,29.2,17.4,40.0,3.0,3.0,0.0,2.0,63,9.899999999999999,PSA Airlines Inc.,-0.4999999999999998,-0.8660254037844388,0.72479278722912,0.6889669190756866
ORF,67.0,41.0,212.0,2022,0,Summer,Morning,Morning,2.6,7.3,27.0,14.2,14.2,0.0,21.0,61,2.9999999999999996,25.5,12.0,23.4,0.0,0.0,0.0,0.0,3,7.300000000000001,PSA Airlines Inc.,-0.8660254037844384,-0.5000000000000004,0.39435585511331855,0.9189578116202306
BOS,97.0,67.0,280.0,2025,0,Summer,Morning,Morning,7.6,7.7,26.3,2.3,2.3,0.0,8.0,53,10.2,24.4,17.8,43.6,15.1,15.1,0.0,10.0,63,13.100000000000001,American Airlines Inc.,-0.4999999999999998,-0.8660254037844388,0.5712682150947923,0.8207634412072763
ORF,78.0,44.0,212.0,2025,0,Winter,Evening,Afternoon,-16.9,9.4,24.1,0.0,0.0,0.0,0.0,3,13.599999999999998,3.0,22.3,43.6,0.0,0.0,0.0,0.0,3,5.8,Republic Airline,0.49999999999999994,0.8660254037844387,0.72479278722912,0.6889669190756866
MCO,148.0,122.0,861.0,2021,0,Spring,Afternoon,Afternoon,-2.4,7.8,34.9,0.0,0.0,0.0,0.0,0,12.0,22.5,20.2,41.4,0.0,0.0,0.0,0.0,3,9.0,American Airlines Inc.,0.8660254037844387,-0.49999999999999983,0.20129852008866006,0.9795299412524945
ATL,125.0,93.0,666.0,2020,0,Winter,Afternoon,Afternoon,-16.6,8.0,43.6,0.0,0.0,0.0,0.0,3,12.099999999999998,-0.6,25.4,44.6,0.0,0.0,0.0,0.0,2,9.0,American Airlines Inc.,0.49999999999999994,0.8660254037844387,0.0,1.0
LAX,305.0,286.0,2402.0,2021,0,Fall,Morning,Night,-10.1,7.1,23.0,0.0,0.0,0.07,0.0,71,11.600000000000001,17.9,14.8,23.4,0.0,0.0,0.0,0.0,0,11.0,Spirit Air Lines,-0.8660254037844386,0.5000000000000001,0.5712682150947923,0.8207634412072763
CLT,100.0,67.0,449.0,2021,0,Spring,Night,Night,-2.3,11.2,64.8,0.7,0.0,0.49,4.0,73,12.0,14.5,10.7,19.1,0.0,0.0,0.0,0.0,3,13.3,American Airlines Inc.,0.49999999999999994,-0.8660254037844387,0.72479278722912,0.6889669190756866
MCI,159.0,132.0,1038.0,2022,0,Summer,Morning,Morning,9.8,9.8,35.3,0.1,0.1,0.0,1.0,51,11.5,24.1,9.9,19.8,0.0,0.0,0.0,0.0,1,13.399999999999999,American Airlines Inc.,-0.8660254037844384,-0.5000000000000004,0.5712682150947923,0.8207634412072763
SFO,326.0,300.0,2521.0,2023,0,Fall,Evening,Morning,-8.5,11.7,41.4,0.0,0.0,0.0,0.0,3,15.1,12.6,20.9,40.3,0.0,0.0,0.0,0.0,3,7.999999999999998,United Air Lines Inc.,-0.5000000000000004,0.8660254037844384,0.0,1.0
BOS,99.0,63.0,280.0,2022,0,Fall,Afternoon,Afternoon,3.1,8.6,35.3,0.0,0.0,0.0,0.0,3,8.8,21.5,14.7,25.9,13.0,13.0,0.0,16.0,61,5.5,American Airlines Inc.,-1.0,-1.8369701987210297e-16,0.0,1.0
PIT,89.0,44.0,268.0,2021,1,Winter,Morning,Morning,-14.7,8.5,22.3,0.0,0.0,0.0,0.0,3,11.5,3.4,16.6,34.2,0.0,0.0,0.0,0.0,3,12.1,Republic Airline,-2.4492935982947064e-16,1.0,0.9377521321470804,0.3473052528448203
DFW,190.0,162.0,1303.0,2022,1,Fall,Morning,Morning,2.2,7.4,29.2,2.6,2.6,0.0,9.0,53,9.8,26.7,11.0,24.5,2.8,2.8,0.0,5.0,61,9.2,American Airlines Inc.,-1.0,-1.8369701987210297e-16,0.8486442574947509,0.5289640103269624
ATL,133.0,111.0,666.0,2020,0,Fall,Evening,Evening,-8.7,8.6,39.2,0.0,0.0,0.0,0.0,3,10.3,20.7,16.7,31.7,0.4,0.4,0.0,3.0,51,8.899999999999999,Republic Airline,-0.8660254037844386,0.5000000000000001,0.5712682150947923,0.8207634412072763
MCO,157.0,132.0,861.0,2021,0,Summer,Evening,Evening,4.7,10.6,61.2,0.2,0.2,0.0,1.0,51,11.1,28.5,15.8,37.1,1.7,1.7,0.0,6.0,53,9.199999999999996,Frontier Airlines Inc.,1.2246467991473532e-16,-1.0,0.72479278722912,0.6889669190756866
DEN,205.0,163.0,1558.0,2022,0,Spring,Afternoon,Morning,-7.4,8.7,54.7,0.4,0.0,0.28,2.0,73,10.100000000000001,-6.4,19.5,31.7,1.0,0.0,0.7,9.0,71,8.6,Southwest Airlines Co.,1.0,6.123233995736766e-17,0.39435585511331855,0.9189578116202306
AUS,214.0,211.0,1430.0,2025,1,Summer,Evening,Afternoon,7.8,9.8,29.5,1.8,1.8,0.0,3.0,61,11.600000000000001,28.4,18.4,41.0,8.3,8.3,0.0,8.0,63,10.300000000000004,American Airlines Inc.,1.2246467991473532e-16,-1.0,0.9377521321470804,0.3473052528448203
ORD,125.0,90.0,678.0,2020,0,Spring,Morning,Morning,-2.1,8.3,39.2,0.0,0.0,0.0,0.0,3,16.1,3.7,22.5,47.2,0.0,0.0,0.0,0.0,3,10.1,American Airlines Inc.,0.8660254037844387,-0.49999999999999983,0.72479278722912,0.6889669190756866
SJU,246.0,216.0,1576.0,2023,1,Spring,Night,Night,-9.6,9.2,59.8,0.0,0.0,0.0,0.0,3,10.3,24.3,13.4,34.9,0.0,0.0,0.0,0.0,3,7.599999999999998,Frontier Airlines Inc.,1.0,6.123233995736766e-17,0.9377521321470804,0.3473052528448203
BOS,96.0,57.0,280.0,2022,0,Summer,Night,Evening,8.8,9.0,34.6,2.8,2.8,0.0,7.0,61,9.0,21.6,18.1,36.0,1.9,1.9,0.0,7.0,53,6.399999999999999,JetBlue Airways,-0.8660254037844384,-0.5000000000000004,0.39435585511331855,0.9189578116202306
TPA,154.0,123.0,920.0,2024,0,Winter,Afternoon,Morning,-17.5,11.4,27.7,0.0,0.0,0.0,0.0,3,17.0,13.8,8.6,22.7,0.0,0.0,0.0,0.0,3,12.299999999999999,American Airlines Inc.,-2.4492935982947064e-16,1.0,0.5712682150947923,0.8207634412072763
CVG,98.0,73.0,507.0,2022,0,Fall,Afternoon,Morning,-10.8,8.1,44.6,0.0,0.0,0.0,0.0,3,11.399999999999999,6.4,22.7,50.0,0.3,0.3,0.0,2.0,51,5.1,PSA Airlines Inc.,-0.5000000000000004,0.8660254037844384,0.0,1.0
BNA,117.0,91.0,675.0,2024,0,Winter,Afternoon,Afternoon,-13.3,10.0,47.9,0.0,0.0,0.0,0.0,3,14.2,11.1,23.1,46.4,0.0,0.0,0.0,0.0,3,8.4,PSA Airlines Inc.,0.8660254037844386,0.5000000000000001,0.5712682150947923,0.8207634412072763
FLL,168.0,135.0,992.0,2024,0,Spring,Afternoon,Morning,-6.3,13.8,65.5,0.7,0.0,0.49,2.0,73,9.3,23.9,14.0,30.2,7.9,7.9,0.0,10.0,63,6.199999999999999,American Airlines Inc.,0.49999999999999994,-0.8660254037844387,0.39435585511331855,0.9189578116202306
ATL,125.0,90.0,666.0,2022,0,Summer,Morning,Morning,5.7,6.3,36.7,3.5,3.1,0.28,7.0,73,8.899999999999999,24.7,13.4,34.2,9.4,9.4,0.0,10.0,63,6.600000000000001,Southwest Airlines Co.,-0.4999999999999998,-0.8660254037844388,0.39435585511331855,0.9189578116202306
PHX,264.0,247.0,2075.0,2020,1,Winter,Evening,Morning,-18.2,9.3,30.2,0.0,0.0,0.0,0.0,3,16.2,13.5,10.8,19.1,0.0,0.0,0.0,0.0,3,14.8,American Airlines Inc.,0.49999999999999994,0.8660254037844387,0.9377521321470804,0.3473052528448203
FLL,168.0,127.0,992.0,2023,0,Fall,Night,Night,-0.8,10.8,37.4,4.7,0.4,3.01,15.0,73,5.5,26.0,15.1,25.6,14.6,14.6,0.0,10.0,65,6.900000000000002,Spirit Air Lines,-1.0,-1.8369701987210297e-16,0.5712682150947923,0.8207634412072763
MSP,161.0,127.0,980.0,2021,0,Fall,Evening,Afternoon,-8.7,8.9,35.3,0.0,0.0,0.0,0.0,2,10.5,12.4,22.6,49.0,0.1,0.1,0.0,1.0,51,8.0,PSA Airlines Inc.,-0.8660254037844386,0.5000000000000001,0.5712682150947923,0.8207634412072763
CLT,107.0,101.0,449.0,2021,1,Summer,Afternoon,Morning,6.1,8.4,37.1,0.4,0.4,0.0,4.0,51,12.5,23.6,9.4,25.6,26.5,26.5,0.0,18.0,65,7.699999999999999,American Airlines Inc.,-0.8660254037844384,-0.5000000000000004,0.8486442574947509,0.5289640103269624
MYR,97.0,66.0,473.0,2021,0,Spring,Night,Night,-4.5,8.6,58.7,0.4,0.0,0.28,4.0,71,7.4,21.6,25.3,47.9,0.0,0.0,0.0,0.0,3,7.600000000000001,Frontier Airlines Inc.,1.0,6.123233995736766e-17,0.72479278722912,0.6889669190756866
LAS,286.0,247.0,2176.0,2022,0,Summer,Morning,Night,5.8,9.6,55.1,0.0,0.0,0.0,0.0,3,10.9,31.6,24.3,41.8,0.0,0.0,0.0,0.0,1,15.599999999999998,Frontier Airlines Inc.,1.2246467991473532e-16,-1.0,0.72479278722912,0.6889669190756866
RSW,153.0,137.0,993.0,2020,1,Summer,Afternoon,Morning,9.7,11.1,42.5,0.0,0.0,0.0,0.0,3,13.2,28.1,13.5,32.8,1.8,1.8,0.0,6.0,53,6.899999999999999,American Airlines Inc.,-0.8660254037844384,-0.5000000000000004,0.9377521321470804,0.3473052528448203
MDW,115.0,86.0,668.0,2022,0,Summer,Morning,Morning,5.4,9.2,54.4,0.0,0.0,0.0,0.0,3,8.9,30.5,34.4,60.5,0.0,0.0,0.0,0.0,3,9.100000000000001,Southwest Airlines Co.,1.2246467991473532e-16,-1.0,0.39435585511331855,0.9189578116202306
FLL,164.0,138.0,992.0,2022,1,Spring,Night,Evening,-1.3,8.5,42.5,0.0,0.0,0.0,0.0,3,10.399999999999999,24.2,29.2,53.6,1.4,1.4,0.0,7.0,53,4.5,Spirit Air Lines,0.8660254037844387,-0.49999999999999983,0.8486442574947509,0.5289640103269624
SAN,307.0,253.0,2370.0,2021,0,Spring,Evening,Morning,-4.5,8.6,58.7,0.4,0.0,0.28,4.0,71,7.4,12.7,25.9,41.0,2.4,2.4,0.0,11.0,51,4.6,American Airlines Inc.,1.0,6.123233995736766e-17,0.72479278722912,0.6889669190756866
PVD,84.0,57.0,237.0,2023,0,Winter,Evening,Afternoon,-14.1,9.0,56.5,0.8,0.0,0.56,4.0,73,16.599999999999998,4.8,17.6,30.2,9.9,9.9,0.0,11.0,63,9.299999999999999,PSA Airlines Inc.,0.49999999999999994,0.8660254037844387,0.20129852008866006,0.9795299412524945
SLC,260.0,227.0,1927.0,2024,1,Fall,Evening,Morning,-0.7,10.2,34.6,1.3,0.6,0.49,10.0,71,5.199999999999999,20.7,14.8,30.2,0.0,0.0,0.0,0.0,1,14.8,Delta Air Lines Inc.,-0.8660254037844386,0.5000000000000001,0.8486442574947509,0.5289640103269624
PBI,153.0,159.0,951.0,2020,1,Summer,Morning,Morning,4.1,8.9,36.0,3.5,2.8,0.49,11.0,73,8.7,28.1,25.3,43.2,1.4,1.4,0.0,5.0,53,1.8999999999999986,Republic Airline,1.2246467991473532e-16,-1.0,0.9377521321470804,0.3473052528448203
TPA,156.0,128.0,920.0,2024,0,Spring,Afternoon,Morning,-6.9,13.1,42.8,1.6,0.0,1.12,5.0,73,11.8,18.9,21.0,38.5,0.0,0.0,0.0,0.0,0,10.8,American Airlines Inc.,0.8660254037844387,-0.49999999999999983,0.72479278722912,0.6889669190756866
TPA,153.0,136.0,920.0,2023,1,Spring,Afternoon,Afternoon,-5.4,9.1,56.5,0.0,0.0,0.0,0.0,1,13.1,24.5,22.7,43.9,1.3,1.3,0.0,7.0,51,9.5,American Airlines Inc.,0.8660254037844387,-0.49999999999999983,0.8486442574947509,0.5289640103269624
RDU,91.0,52.0,337.0,2023,1,Fall,Evening,Afternoon,-7.6,10.2,27.7,0.0,0.0,0.0,0.0,3,13.9,6.4,17.3,37.4,0.0,0.0,0.0,0.0,3,5.1000000000000005,Republic Airline,-0.5000000000000004,0.8660254037844384,0.8486442574947509,0.5289640103269624
BUF,94.0,48.0,279.0,2020,0,Spring,Afternoon,Afternoon,-8.5,7.1,28.4,0.8,0.0,0.56,6.0,71,8.299999999999999,4.8,17.2,35.3,0.0,0.0,0.0,0.0,3,10.1,Republic Airline,0.8660254037844387,-0.49999999999999983,0.39435585511331855,0.9189578116202306
RSW,156.0,126.0,993.0,2020,1,Winter,Morning,Morning,-23.2,8.0,24.5,0.0,0.0,0.0,0.0,0,12.700000000000003,22.9,26.6,52.2,0.0,0.0,0.0,0.0,3,10.2,American Airlines Inc.,0.49999999999999994,0.8660254037844387,0.8486442574947509,0.5289640103269624
MCO,157.0,114.0,861.0,2022,0,Summer,Morning,Morning,8.7,8.4,34.2,1.0,1.0,0.0,2.0,53,10.6,26.7,13.7,28.4,10.8,10.8,0.0,5.0,65,9.8,Spirit Air Lines,-0.8660254037844384,-0.5000000000000004,0.72479278722912,0.6889669190756866
MCO,153.0,110.0,861.0,2024,1,Summer,Afternoon,Morning,5.6,12.0,47.2,0.0,0.0,0.0,0.0,1,11.0,28.5,12.7,25.6,0.5,0.5,0.0,1.0,53,9.400000000000002,Frontier Airlines Inc.,-0.4999999999999998,-0.8660254037844388,0.8486442574947509,0.5289640103269624
DFW,187.0,157.0,1303.0,2020,0,Winter,Night,Evening,-12.3,9.1,45.7,1.4,0.0,1.05,8.0,73,9.2,10.5,18.8,38.5,0.4,0.4,0.0,2.0,51,7.3,American Airlines Inc.,-2.4492935982947064e-16,1.0,0.39435585511331855,0.9189578116202306
DFW,190.0,163.0,1303.0,2024,0,Spring,Afternoon,Morning,-5.8,8.9,30.6,0.3,0.0,0.21,3.0,71,15.6,15.8,15.2,36.0,0.0,0.0,0.0,0.0,0,18.6,American Airlines Inc.,0.8660254037844387,-0.49999999999999983,0.5712682150947923,0.8207634412072763
JAX,135.0,113.0,742.0,2025,0,Summer,Evening,Afternoon,3.1,18.4,57.6,13.2,8.2,3.5,7.0,75,11.4,26.7,11.3,27.0,3.7,3.7,0.0,5.0,63,8.599999999999998,PSA Airlines Inc.,-0.4999999999999998,-0.8660254037844388,0.5712682150947923,0.8207634412072763
ATL,120.0,94.0,666.0,2024,0,Spring,Morning,Morning,6.7,12.7,40.0,0.9,0.9,0.0,5.0,51,13.3,23.5,14.8,32.4,0.0,0.0,0.0,0.0,3,13.5,American Airlines Inc.,0.49999999999999994,-0.8660254037844387,0.39435585511331855,0.9189578116202306
ORD,124.0,82.0,678.0,2022,0,Spring,Afternoon,Morning,-10.1,8.9,33.1,1.0,0.0,0.7,5.0,73,13.9,11.1,19.8,40.0,0.0,0.0,0.0,0.0,3,17.2,United Air Lines Inc.,1.0,6.123233995736766e-17,0.0,1.0
DCA,57.0,32.0,119.0,2025,0,Summer,Night,Night,6.6,14.1,42.1,5.8,5.1,0.49,4.0,73,11.2,24.4,14.9,35.3,0.1,0.1,0.0,1.0,51,8.100000000000001,PSA Airlines Inc.,1.2246467991473532e-16,-1.0,0.20129852008866006,0.9795299412524945
BNA,125.0,86.0,675.0,2024,0,Winter,Evening,Afternoon,-15.0,11.1,33.5,0.0,0.0,0.0,0.0,3,14.299999999999999,-2.3,22.1,41.8,0.8,0.8,0.0,5.0,51,8.1,Spirit Air Lines,0.49999999999999994,0.8660254037844387,0.72479278722912,0.6889669190756866
SAN,315.0,283.0,2370.0,2022,0,Summer,Morning,Night,4.9,8.4,36.7,3.4,1.8,1.12,3.0,73,10.4,19.3,19.3,36.7,0.0,0.0,0.0,0.0,2,5.5,American Airlines Inc.,1.2246467991473532e-16,-1.0,0.72479278722912,0.6889669190756866
ATL,119.0,85.0,666.0,2023,0,Spring,Afternoon,Afternoon,-12.2,7.4,32.4,0.0,0.0,0.0,0.0,3,6.0,21.7,23.7,42.5,1.1,1.1,0.0,3.0,53,10.5,Delta Air Lines Inc.,0.8660254037844387,-0.49999999999999983,0.39435585511331855,0.9189578116202306
ORD,123.0,90.0,678.0,2021,0,Fall,Evening,Afternoon,-4.6,8.0,29.9,6.3,0.0,4.41,5.0,75,9.0,14.0,24.9,48.6,0.9,0.9,0.0,5.0,51,9.2,American Airlines Inc.,-0.8660254037844386,0.5000000000000001,0.5712682150947923,0.8207634412072763
PIT,78.0,48.0,268.0,2024,1,Summer,Afternoon,Afternoon,9.5,8.4,28.1,3.7,3.7,0.0,9.0,61,8.3,23.3,9.7,24.8,0.2,0.2,0.0,2.0,51,12.0,PSA Airlines Inc.,-0.8660254037844384,-0.5000000000000004,0.9377521321470804,0.3473052528448203
PHX,265.0,221.0,2075.0,2024,0,Spring,Morning,Night,-6.9,13.1,42.8,1.6,0.0,1.12,5.0,73,11.8,17.2,24.9,40.0,0.0,0.0,0.0,0.0,3,15.8,American Airlines Inc.,0.8660254037844387,-0.49999999999999983,0.72479278722912,0.6889669190756866
SJU,248.0,221.0,1576.0,2025,1,Winter,Morning,Morning,-17.3,8.6,21.6,0.5,0.0,0.35,2.0,73,13.7,25.0,26.8,37.1,11.6,11.6,0.0,22.0,61,1.8000000000000007,American Airlines Inc.,0.49999999999999994,0.8660254037844387,0.9377521321470804,0.3473052528448203
MSY,168.0,139.0,1089.0,2025,0,Spring,Evening,Afternoon,-10.5,10.6,34.2,0.0,0.0,0.0,0.0,0,19.0,22.6,19.5,40.7,5.2,5.2,0.0,11.0,61,6.5,American Airlines Inc.,0.8660254037844387,-0.49999999999999983,0.20129852008866006,0.9795299412524945
IAH,201.0,161.0,1325.0,2023,0,Fall,Afternoon,Afternoon,0.5,12.2,46.4,1.4,0.1,0.91,3.0,73,11.8,28.2,17.3,33.1,0.4,0.4,0.0,4.0,51,9.400000000000002,United Air Lines Inc.,-1.0,-1.8369701987210297e-16,0.5712682150947923,0.8207634412072763
FLL,162.0,123.0,992.0,2022,0,Fall,Evening,Evening,-8.1,8.8,28.1,0.0,0.0,0.0,0.0,3,15.7,24.6,14.0,28.1,12.5,12.5,0.0,13.0,63,6.699999999999999,Spirit Air Lines,-0.8660254037844386,0.5000000000000001,0.72479278722912,0.6889669190756866
LAX,300.0,245.0,2402.0,2023,0,Winter,Afternoon,Morning,-11.6,7.3,30.6,0.0,0.0,0.0,0.0,3,10.6,10.1,15.3,20.9,0.0,0.0,0.0,0.0,3,10.9,American Airlines Inc.,0.8660254037844386,0.5000000000000001,0.5712682150947923,0.8207634412072763
DEN,218.0,188.0,1558.0,2023,0,Summer,Afternoon,Morning,8.9,6.8,29.5,0.4,0.4,0.0,4.0,51,11.4,19.6,16.3,39.6,0.0,0.0,0.0,0.0,3,13.400000000000002,Frontier Airlines Inc.,-0.8660254037844384,-0.5000000000000004,0.39435585511331855,0.9189578116202306
SYR,72.0,42.0,228.0,2024,1,Fall,Morning,Morning,3.0,10.5,34.2,3.0,2.5,0.35,8.0,73,11.0,19.7,6.1,15.1,0.0,0.0,0.0,0.0,1,12.0,PSA Airlines Inc.,-1.0,-1.8369701987210297e-16,0.8486442574947509,0.5289640103269624
LAX,317.0,269.0,2402.0,2024,1,Summer,Afternoon,Morning,8.3,11.2,39.6,0.0,0.0,0.0,0.0,3,12.1,22.2,19.0,38.5,0.0,0.0,0.0,0.0,2,8.7,American Airlines Inc.,-0.8660254037844384,-0.5000000000000004,0.9377521321470804,0.3473052528448203
MDW,115.0,88.0,668.0,2022,0,Summer,Morning,Morning,10.4,7.7,31.7,2.1,2.1,0.0,6.0,53,11.100000000000001,20.0,17.6,37.8,0.0,0.0,0.0,0.0,2,10.1,Southwest Airlines Co.,1.2246467991473532e-16,-1.0,0.0,1.0
DTW,100.0,94.0,453.0,2021,0,Summer,Evening,Afternoon,6.5,9.3,38.9,0.3,0.3,0.0,3.0,51,13.200000000000001,21.7,7.9,18.7,0.0,0.0,0.0,0.0,3,10.0,Endeavor Air Inc.,-0.8660254037844384,-0.5000000000000004,0.20129852008866006,0.9795299412524945
ROC,84.0,54.0,257.0,2021,0,Fall,Evening,Afternoon,3.9,9.5,46.4,0.1,0.1,0.0,1.0,51,11.7,21.2,18.7,56.5,10.4,10.4,0.0,19.0,61,7.299999999999997,PSA Airlines Inc.,-1.0,-1.8369701987210297e-16,0.39435585511331855,0.9189578116202306
SYR,75.0,56.0,228.0,2020,0,Winter,Evening,Afternoon,-13.4,8.8,27.4,0.0,0.0,0.0,0.0,3,13.8,2.4,19.8,49.0,1.9,0.8,0.77,11.0,73,7.9,PSA Airlines Inc.,0.8660254037844386,0.5000000000000001,0.0,1.0
ATL,118.0,103.0,666.0,2024,0,Spring,Morning,Morning,0.7,9.8,44.3,2.7,0.4,1.61,3.0,75,10.100000000000001,22.3,16.8,33.5,0.0,0.0,0.0,0.0,3,13.299999999999999,Delta Air Lines Inc.,0.49999999999999994,-0.8660254037844387,0.5712682150947923,0.8207634412072763
TPA,147.0,115.0,920.0,2024,1,Winter,Evening,Evening,-11.6,9.3,29.2,0.0,0.0,0.0,0.0,3,11.2,20.2,28.8,51.1,24.5,24.5,0.0,6.0,65,6.600000000000001,American Airlines Inc.,0.49999999999999994,0.8660254037844387,0.8486442574947509,0.5289640103269624
IAH,196.0,167.0,1325.0,2024,0,Spring,Morning,Morning,-17.1,9.1,25.2,1.0,0.0,0.7,7.0,71,13.700000000000001,20.0,23.6,45.4,0.0,0.0,0.0,0.0,3,9.7,United Air Lines Inc.,1.0,6.123233995736766e-17,0.5712682150947923,0.8207634412072763
ATL,109.0,92.0,666.0,2020,0,Winter,Afternoon,Afternoon,-20.3,7.3,31.7,0.2,0.0,0.14,2.0,71,9.0,6.3,11.7,24.5,0.0,0.0,0.0,0.0,3,12.6,Delta Air Lines Inc.,-2.4492935982947064e-16,1.0,0.0,1.0
DEN,209.0,177.0,1558.0,2022,0,Winter,Night,Evening,-18.8,9.4,35.3,0.0,0.0,0.0,0.0,3,12.8,-3.7,27.2,47.5,5.7,0.0,3.99,17.0,73,8.600000000000001,United Air Lines Inc.,-2.4492935982947064e-16,1.0,0.20129852008866006,0.9795299412524945
TPA,151.0,125.0,920.0,2022,0,Winter,Morning,Morning,-18.9,10.9,36.7,0.0,0.0,0.0,0.0,2,18.299999999999997,16.8,24.1,46.8,28.4,28.4,0.0,11.0,65,4.799999999999999,American Airlines Inc.,-2.4492935982947064e-16,1.0,0.39435585511331855,0.9189578116202306
ATL,118.0,85.0,666.0,2021,1,Fall,Afternoon,Morning,-7.5,7.1,28.4,0.0,0.0,0.0,0.0,3,11.5,19.6,31.1,55.1,0.1,0.1,0.0,1.0,51,6.5,Delta Air Lines Inc.,-0.8660254037844386,0.5000000000000001,0.8486442574947509,0.5289640103269624
DTW,103.0,68.0,453.0,2023,0,Spring,Morning,Morning,-5.5,6.8,51.5,0.0,0.0,0.0,0.0,3,8.9,-3.0,24.6,49.3,0.1,0.0,0.07,1.0,71,9.5,Republic Airline,1.0,6.123233995736766e-17,0.20129852008866006,0.9795299412524945
CMH,91.0,67.0,406.0,2021,0,Summer,Morning,Morning,6.5,6.2,30.2,0.6,0.6,0.0,4.0,51,10.700000000000001,20.0,12.3,34.6,0.0,0.0,0.0,0.0,2,12.1,Republic Airline,-0.4999999999999998,-0.8660254037844388,0.5712682150947923,0.8207634412072763
ORD,117.0,87.0,678.0,2025,0,Spring,Evening,Afternoon,-13.6,8.9,29.9,0.0,0.0,0.0,0.0,3,16.5,5.0,9.6,25.9,0.0,0.0,0.0,0.0,2,12.700000000000001,American Airlines Inc.,1.0,6.123233995736766e-17,0.5712682150947923,0.8207634412072763
LAX,311.0,259.0,2402.0,2023,1,Fall,Evening,Morning,-6.1,11.0,32.0,0.0,0.0,0.0,0.0,3,16.3,19.8,33.0,51.1,0.0,0.0,0.0,0.0,0,7.100000000000001,American Airlines Inc.,-0.8660254037844386,0.5000000000000001,0.8486442574947509,0.5289640103269624
MIA,180.0,133.0,1013.0,2024,0,Summer,Morning,Morning,-1.6,9.6,28.1,1.8,1.1,0.49,7.0,73,7.2,28.5,14.0,31.0,2.5,2.5,0.0,8.0,53,8.299999999999997,Frontier Airlines Inc.,1.2246467991473532e-16,-1.0,0.5712682150947923,0.8207634412072763
ORD,121.0,95.0,678.0,2022,0,Fall,Evening,Afternoon,6.2,8.0,29.2,0.2,0.2,0.0,2.0,51,10.299999999999999,21.8,16.6,32.0,0.0,0.0,0.0,0.0,3,10.599999999999998,American Airlines Inc.,-1.0,-1.8369701987210297e-16,0.72479278722912,0.6889669190756866
SEA,295.0,264.0,2378.0,2022,1,Winter,Morning,Night,-15.6,9.4,47.9,0.7,0.0,0.49,5.0,71,9.9,2.1,13.0,23.8,0.0,0.0,0.0,0.0,3,9.6,American Airlines Inc.,0.49999999999999994,0.8660254037844387,0.8486442574947509,0.5289640103269624
PIT,69.0,46.0,268.0,2023,0,Fall,Evening,Afternoon,6.0,17.1,74.9,0.0,0.0,0.0,0.0,2,14.899999999999999,14.3,11.8,26.6,0.0,0.0,0.0,0.0,0,13.299999999999999,American Airlines Inc.,-1.0,-1.8369701987210297e-16,0.72479278722912,0.6889669190756866
RDU,88.0,60.0,337.0,2025,1,Summer,Evening,Evening,11.2,16.5,52.9,3.7,3.7,0.0,11.0,53,9.5,26.8,13.5,37.1,8.6,8.6,0.0,8.0,63,7.800000000000001,American Airlines Inc.,-0.4999999999999998,-0.8660254037844388,0.8486442574947509,0.5289640103269624
BHM,137.0,104.0,772.0,2022,0,Summer,Morning,Morning,5.7,6.3,36.7,3.5,3.1,0.28,7.0,73,8.899999999999999,27.8,10.9,30.2,0.8,0.8,0.0,1.0,53,10.899999999999999,PSA Airlines Inc.,-0.4999999999999998,-0.8660254037844388,0.39435585511331855,0.9189578116202306
ORF,71.0,41.0,212.0,2021,0,Summer,Morning,Morning,5.2,9.1,50.8,4.3,3.8,0.35,6.0,73,9.0,28.5,18.6,37.1,0.0,0.0,0.0,0.0,3,8.399999999999999,PSA Airlines Inc.,-0.4999999999999998,-0.8660254037844388,0.20129852008866006,0.9795299412524945
CHS,108.0,75.0,550.0,2023,0,Summer,Evening,Evening,7.4,9.7,43.9,1.2,1.2,0.0,6.0,53,12.7,28.4,22.0,42.1,27.2,27.2,0.0,3.0,65,10.7,American Airlines Inc.,-0.8660254037844384,-0.5000000000000004,0.20129852008866006,0.9795299412524945
LAS,298.0,251.0,2176.0,2022,0,Summer,Evening,Morning,10.7,11.3,46.8,0.0,0.0,0.0,0.0,0,11.0,37.7,23.5,38.9,0.0,0.0,0.0,0.0,3,14.5,American Airlines Inc.,-0.4999999999999998,-0.8660254037844388,0.5712682150947923,0.8207634412072763
CHS,110.0,84.0,550.0,2024,0,Spring,Evening,Evening,-17.1,9.1,25.2,1.0,0.0,0.7,7.0,71,13.700000000000001,17.1,15.6,31.3,6.0,6.0,0.0,1.0,63,9.000000000000002,Republic Airline,1.0,6.123233995736766e-17,0.5712682150947923,0.8207634412072763
DCA,63.0,31.0,119.0,2021,0,Fall,Evening,Afternoon,-3.2,10.1,74.2,0.2,0.0,0.28,2.0,71,10.3,20.5,8.3,20.9,0.0,0.0,0.0,0.0,3,7.699999999999999,Republic Airline,-0.8660254037844386,0.5000000000000001,0.5712682150947923,0.8207634412072763
DFW,188.0,166.0,1303.0,2021,0,Fall,Afternoon,Morning,-13.9,7.6,23.0,0.0,0.0,0.0,0.0,3,10.7,18.8,32.7,53.3,13.1,13.1,0.0,5.0,65,7.400000000000002,American Airlines Inc.,-0.5000000000000004,0.8660254037844384,0.39435585511331855,0.9189578116202306
MDW,115.0,87.0,668.0,2020,1,Winter,Afternoon,Afternoon,-14.9,9.3,27.4,0.0,0.0,0.0,0.0,3,13.100000000000001,5.3,36.3,64.1,0.0,0.0,0.0,0.0,3,12.1,Southwest Airlines Co.,0.8660254037844386,0.5000000000000001,0.9377521321470804,0.3473052528448203
TPA,152.0,121.0,920.0,2023,0,Winter,Night,Night,-12.8,12.4,52.9,0.0,0.0,0.0,0.0,3,16.6,11.9,20.4,33.5,0.0,0.0,0.0,0.0,3,11.099999999999998,Frontier Airlines Inc.,-2.4492935982947064e-16,1.0,0.39435585511331855,0.9189578116202306
LAX,304.0,281.0,2402.0,2023,0,Fall,Afternoon,Morning,-8.7,7.5,19.4,0.0,0.0,0.0,0.0,3,10.4,13.2,19.6,32.8,0.0,0.0,0.0,0.0,3,9.200000000000001,Spirit Air Lines,-0.5000000000000004,0.8660254037844384,0.39435585511331855,0.9189578116202306
BOS,94.0,52.0,280.0,2024,0,Summer,Night,Evening,8.5,12.3,40.0,3.1,3.1,0.0,5.0,61,15.0,21.8,21.6,38.2,0.0,0.0,0.0,0.0,3,12.2,American Airlines Inc.,-0.4999999999999998,-0.8660254037844388,0.39435585511331855,0.9189578116202306
RSW,164.0,140.0,993.0,2020,0,Summer,Evening,Afternoon,6.2,10.9,54.4,0.6,0.6,0.0,3.0,51,11.5,27.7,11.3,30.6,5.6,5.6,0.0,5.0,63,8.5,American Airlines Inc.,-0.8660254037844384,-0.5000000000000004,0.5712682150947923,0.8207634412072763
RSW,170.0,129.0,993.0,2022,0,Fall,Afternoon,Afternoon,-9.8,9.0,51.8,0.3,0.0,0.21,2.0,71,14.599999999999998,25.5,14.9,27.0,2.0,2.0,0.0,7.0,53,10.099999999999998,Frontier Airlines Inc.,-0.8660254037844386,0.5000000000000001,0.0,1.0
LAS,289.0,232.0,2176.0,2024,0,Winter,Evening,Morning,-9.7,12.3,51.8,0.0,0.0,0.0,0.0,3,13.5,3.8,13.2,24.8,0.0,0.0,0.0,0.0,3,6.3,Spirit Air Lines,0.49999999999999994,0.8660254037844387,0.39435585511331855,0.9189578116202306
STL,137.0,118.0,814.0,2020,1,Summer,Afternoon,Morning,10.3,10.2,40.0,0.2,0.2,0.0,2.0,51,13.0,25.4,12.6,23.8,0.0,0.0,0.0,0.0,3,11.599999999999998,Republic Airline,-0.8660254037844384,-0.5000000000000004,0.9377521321470804,0.3473052528448203
FLL,164.0,133.0,992.0,2020,0,Fall,Evening,Afternoon,2.9,9.3,39.6,0.0,0.0,0.0,0.0,3,12.100000000000001,28.0,18.4,36.0,0.8,0.8,0.0,6.0,51,4.0,American Airlines Inc.,-1.0,-1.8369701987210297e-16,0.39435585511331855,0.9189578116202306
FLL,168.0,136.0,992.0,2023,0,Summer,Morning,Morning,4.6,8.7,27.4,0.0,0.0,0.0,0.0,3,11.399999999999999,29.1,32.3,62.6,6.2,6.2,0.0,14.0,63,4.900000000000002,Spirit Air Lines,-0.8660254037844384,-0.5000000000000004,0.39435585511331855,0.9189578116202306
ATL,123.0,84.0,666.0,2021,0,Fall,Evening,Evening,-10.1,7.1,23.0,0.0,0.0,0.07,0.0,71,11.600000000000001,13.7,31.1,53.6,16.0,16.0,0.0,15.0,63,7.0,Frontier Airlines Inc.,-0.8660254037844386,0.5000000000000001,0.5712682150947923,0.8207634412072763
STL,127.0,101.0,814.0,2024,1,Fall,Morning,Morning,-11.8,12.1,35.6,0.0,0.0,0.0,0.0,3,14.8,-2.1,12.9,26.6,7.2,0.0,5.04,11.0,73,2.3,American Airlines Inc.,-0.5000000000000004,0.8660254037844384,0.8486442574947509,0.5289640103269624
DTW,100.0,62.0,453.0,2022,1,Summer,Morning,Morning,10.6,12.3,51.5,0.0,0.0,0.0,0.0,2,11.9,22.1,16.2,34.6,0.1,0.1,0.0,1.0,51,15.399999999999999,PSA Airlines Inc.,-0.4999999999999998,-0.8660254037844388,0.8486442574947509,0.5289640103269624
DEN,210.0,183.0,1558.0,2021,0,Fall,Afternoon,Morning,-15.2,9.3,34.9,0.0,0.0,0.0,0.0,3,13.400000000000002,4.4,24.4,42.1,2.9,0.8,1.47,4.0,73,15.2,American Airlines Inc.,-0.5000000000000004,0.8660254037844384,0.72479278722912,0.6889669190756866
SEA,308.0,281.0,2378.0,2025,0,Spring,Morning,Night,3.0,17.8,66.6,0.0,0.0,0.0,0.0,2,11.5,10.7,21.5,50.0,1.9,1.9,0.0,12.0,53,6.7,American Airlines Inc.,0.49999999999999994,-0.8660254037844387,0.20129852008866006,0.9795299412524945
BNA,123.0,90.0,675.0,2023,0,Winter,Afternoon,Morning,-13.4,7.2,28.4,0.0,0.0,0.0,0.0,3,8.9,6.3,13.1,28.8,0.0,0.0,0.0,0.0,3,12.9,PSA Airlines Inc.,0.49999999999999994,0.8660254037844387,0.20129852008866006,0.9795299412524945
LAX,308.0,296.0,2402.0,2025,0,Summer,Morning,Night,-2.1,10.0,33.5,0.0,0.0,0.0,0.0,3,13.600000000000001,16.7,17.6,42.8,0.0,0.0,0.0,0.0,3,2.3999999999999986,American Airlines Inc.,1.2246467991473532e-16,-1.0,0.5712682150947923,0.8207634412072763
ORD,126.0,96.0,678.0,2024,0,Summer,Afternoon,Morning,6.2,8.7,28.1,3.1,3.1,0.0,5.0,61,10.1,17.2,12.5,29.9,0.0,0.0,0.0,0.0,3,10.9,United Air Lines Inc.,-0.8660254037844384,-0.5000000000000004,0.39435585511331855,0.9189578116202306
BTV,90.0,58.0,335.0,2021,0,Summer,Morning,Morning,3.4,6.5,35.3,4.7,4.7,0.0,14.0,53,5.6000000000000005,18.6,17.2,40.7,5.6,5.6,0.0,17.0,55,4.800000000000001,PSA Airlines Inc.,-0.4999999999999998,-0.8660254037844388,0.39435585511331855,0.9189578116202306
CMH,91.0,65.0,406.0,2024,0,Spring,Morning,Morning,5.9,12.6,44.3,0.0,0.0,0.0,0.0,3,13.2,20.6,8.6,21.6,3.1,3.1,0.0,2.0,63,10.7,Republic Airline,0.49999999999999994,-0.8660254037844387,0.72479278722912,0.6889669190756866
ATL,118.0,93.0,666.0,2020,0,Winter,Afternoon,Afternoon,-15.0,7.1,35.3,0.0,0.0,0.0,0.0,3,9.299999999999999,15.0,21.2,52.6,48.2,48.2,0.0,19.0,65,11.099999999999998,Delta Air Lines Inc.,0.49999999999999994,0.8660254037844387,0.72479278722912,0.6889669190756866
ATL,124.0,91.0,666.0,2023,1,Fall,Evening,Afternoon,6.2,10.5,34.9,1.3,1.3,0.0,5.0,53,10.799999999999999,23.4,9.0,18.0,0.0,0.0,0.0,0.0,3,12.200000000000003,American Airlines Inc.,-1.0,-1.8369701987210297e-16,0.9377521321470804,0.3473052528448203
IAD,67.0,32.0,135.0,2022,1,Winter,Afternoon,Morning,-11.6,7.8,50.0,0.0,0.0,0.0,0.0,3,9.100000000000001,10.9,21.9,40.3,0.0,0.0,0.0,0.0,3,10.4,Republic Airline,0.8660254037844386,0.5000000000000001,0.8486442574947509,0.5289640103269624
SDF,117.0,96.0,576.0,2021,0,Summer,Afternoon,Morning,5.7,10.5,56.2,0.1,0.1,0.0,1.0,51,11.700000000000001,22.6,16.4,38.2,0.0,0.0,0.0,0.0,3,15.500000000000002,PSA Airlines Inc.,1.2246467991473532e-16,-1.0,0.5712682150947923,0.8207634412072763
CVG,106.0,74.0,507.0,2024,0,Fall,Afternoon,Morning,1.1,14.3,52.9,1.2,0.6,0.42,4.0,73,9.6,17.3,9.4,19.8,0.0,0.0,0.0,0.0,0,13.899999999999999,PSA Airlines Inc.,-1.0,-1.8369701987210297e-16,0.0,1.0
CVG,110.0,73.0,507.0,2023,0,Fall,Morning,Morning,-7.7,9.1,26.3,0.0,0.0,0.0,0.0,3,11.1,1.1,23.7,49.0,0.6,0.6,0.0,4.0,51,6.7,PSA Airlines Inc.,-0.5000000000000004,0.8660254037844384,0.0,1.0
PHX,291.0,253.0,2075.0,2020,0,Summer,Afternoon,Morning,7.5,8.7,34.2,0.9,0.9,0.0,5.0,51,10.1,38.4,20.7,41.4,0.0,0.0,0.0,0.0,1,12.900000000000002,American Airlines Inc.,-0.8660254037844384,-0.5000000000000004,0.0,1.0
RDU,88.0,58.0,337.0,2024,0,Spring,Evening,Afternoon,-6.9,13.1,42.8,1.6,0.0,1.12,5.0,73,11.8,9.8,21.3,46.8,0.0,0.0,0.0,0.0,3,11.0,Frontier Airlines Inc.,0.8660254037844387,-0.49999999999999983,0.72479278722912,0.6889669190756866
BNA,127.0,98.0,675.0,2025,1,Summer,Evening,Afternoon,7.8,9.8,29.5,1.8,1.8,0.0,3.0,61,11.600000000000001,25.2,12.5,29.5,2.1,2.1,0.0,8.0,53,7.100000000000001,American Airlines Inc.,1.2246467991473532e-16,-1.0,0.9377521321470804,0.3473052528448203
ORD,127.0,104.0,678.0,2025,0,Spring,Night,Evening,4.3,14.8,44.3,0.0,0.0,0.0,0.0,3,16.2,9.9,18.6,36.7,3.6,3.6,0.0,9.0,55,9.8,American Airlines Inc.,0.49999999999999994,-0.8660254037844387,0.0,1.0
MIA,168.0,128.0,1013.0,2025,0,Spring,Morning,Morning,-0.5,15.5,54.4,0.0,0.0,0.0,0.0,3,13.8,23.8,15.3,41.4,0.0,0.0,0.0,0.0,2,11.5,American Airlines Inc.,0.8660254037844387,-0.49999999999999983,0.20129852008866006,0.9795299412524945
BOS,96.0,62.0,280.0,2023,0,Spring,Evening,Evening,-8.7,8.6,44.3,0.0,0.0,0.0,0.0,3,12.299999999999999,0.6,24.4,42.8,0.1,0.0,0.07,1.0,71,5.1,JetBlue Airways,1.0,6.123233995736766e-17,0.20129852008866006,0.9795299412524945
ORD,120.0,88.0,678.0,2023,0,Fall,Night,Night,3.2,9.5,32.4,1.0,1.0,0.0,7.0,51,6.5,15.3,14.5,28.8,10.2,10.2,0.0,10.0,63,6.300000000000001,United Air Lines Inc.,-1.0,-1.8369701987210297e-16,0.20129852008866006,0.9795299412524945
RSW,160.0,130.0,993.0,2023,0,Winter,Afternoon,Afternoon,-17.5,11.7,69.1,0.0,0.0,0.0,0.0,3,9.099999999999998,23.4,20.9,43.6,0.5,0.5,0.0,4.0,51,9.700000000000003,American Airlines Inc.,0.8660254037844386,0.5000000000000001,0.72479278722912,0.6889669190756866
SFO,321.0,298.0,2521.0,2025,0,Winter,Morning,Night,-15.3,9.6,40.3,1.3,0.0,0.91,7.0,73,12.700000000000001,10.3,11.8,27.4,0.0,0.0,0.0,0.0,3,3.6999999999999993,American Airlines Inc.,0.49999999999999994,0.8660254037844387,0.39435585511331855,0.9189578116202306
IAH,201.0,165.0,1325.0,2024,1,Summer,Evening,Afternoon,8.8,10.5,33.5,0.7,0.7,0.0,4.0,51,10.1,26.9,9.0,21.6,1.9,1.9,0.0,5.0,55,8.2,American Airlines Inc.,-0.4999999999999998,-0.8660254037844388,0.8486442574947509,0.5289640103269624
MIA,166.0,117.0,1013.0,2022,1,Winter,Night,Evening,-15.5,9.7,43.2,0.0,0.0,0.0,0.0,3,16.799999999999997,20.6,14.5,31.7,26.5,26.5,0.0,10.0,63,4.699999999999999,American Airlines Inc.,0.8660254037844386,0.5000000000000001,0.9377521321470804,0.3473052528448203
IND,105.0,95.0,588.0,2025,0,Spring,Evening,Evening,-1.1,12.8,42.1,17.3,2.7,10.22,21.0,75,7.7,19.0,14.3,30.6,7.2,7.2,0.0,10.0,63,7.599999999999998,American Airlines Inc.,0.49999999999999994,-0.8660254037844387,0.20129852008866006,0.9795299412524945
MIA,171.0,145.0,1013.0,2020,0,Spring,Night,Evening,-4.9,7.1,24.1,1.8,0.1,1.19,5.0,73,11.4,24.9,20.7,39.2,0.0,0.0,0.0,0.0,3,12.7,American Airlines Inc.,0.8660254037844387,-0.49999999999999983,0.39435585511331855,0.9189578116202306
SJU,247.0,248.0,1576.0,2023,0,Summer,Night,Evening,4.9,11.2,34.9,2.4,2.4,0.0,9.0,55,8.2,29.2,29.3,41.8,1.9,1.9,0.0,5.0,55,3.3000000000000007,Frontier Airlines Inc.,-0.8660254037844384,-0.5000000000000004,0.39435585511331855,0.9189578116202306
PHX,262.0,213.0,2075.0,2020,0,Spring,Morning,Night,-6.1,7.6,39.6,1.0,0.0,0.7,3.0,73,12.5,16.3,19.9,38.9,0.0,0.0,0.0,0.0,2,13.599999999999998,American Airlines Inc.,1.0,6.123233995736766e-17,0.20129852008866006,0.9795299412524945
ORD,129.0,89.0,678.0,2025,1,Spring,Evening,Afternoon,-4.6,7.5,28.8,0.3,0.1,0.14,1.0,71,16.0,11.2,20.9,46.1,2.3,2.3,0.0,4.0,61,9.599999999999998,United Air Lines Inc.,0.8660254037844387,-0.49999999999999983,0.9377521321470804,0.3473052528448203
ATL,124.0,88.0,666.0,2023,0,Summer,Night,Evening,1.1,8.0,33.8,4.5,1.2,2.31,12.0,75,11.1,23.1,14.6,32.0,0.1,0.1,0.0,1.0,51,12.5,Delta Air Lines Inc.,1.2246467991473532e-16,-1.0,0.72479278722912,0.6889669190756866
PIT,83.0,48.0,268.0,2020,0,Spring,Morning,Morning,-6.1,7.6,39.6,1.0,0.0,0.7,3.0,73,12.5,5.9,14.2,30.2,0.0,0.0,0.0,0.0,3,9.100000000000001,American Airlines Inc.,1.0,6.123233995736766e-17,0.20129852008866006,0.9795299412524945
DFW,196.0,163.0,1303.0,2025,0,Summer,Morning,Morning,9.5,10.3,37.4,4.2,4.2,0.0,5.0,63,10.7,31.5,18.2,42.5,0.0,0.0,0.0,0.0,3,11.7,American Airlines Inc.,-0.4999999999999998,-0.8660254037844388,0.20129852008866006,0.9795299412524945
BNA,115.0,93.0,675.0,2021,1,Spring,Afternoon,Morning,1.9,8.9,44.6,0.0,0.0,0.0,0.0,3,10.6,18.2,29.8,64.4,15.1,15.1,0.0,7.0,65,8.799999999999999,Southwest Airlines Co.,0.49999999999999994,-0.8660254037844387,0.9377521321470804,0.3473052528448203
MCO,156.0,119.0,861.0,2025,0,Spring,Night,Evening,-6.6,10.4,32.0,0.0,0.0,0.0,0.0,3,17.0,25.4,19.0,40.0,0.0,0.0,0.0,0.0,2,8.799999999999997,Spirit Air Lines,0.8660254037844387,-0.49999999999999983,0.5712682150947923,0.8207634412072763
ORD,129.0,102.0,678.0,2024,1,Summer,Evening,Afternoon,8.4,7.7,38.5,3.1,3.1,0.0,6.0,61,9.3,22.0,10.9,25.2,0.0,0.0,0.0,0.0,3,10.799999999999997,United Air Lines Inc.,-0.4999999999999998,-0.8660254037844388,0.9377521321470804,0.3473052528448203
MIA,167.0,139.0,1013.0,2024,0,Spring,Evening,Afternoon,-6.4,10.9,35.3,0.0,0.0,0.0,0.0,3,13.2,24.0,19.4,37.4,0.1,0.1,0.0,1.0,51,7.599999999999998,American Airlines Inc.,0.8660254037844387,-0.49999999999999983,0.20129852008866006,0.9795299412524945
CMH,94.0,62.0,406.0,2021,1,Fall,Evening,Evening,-19.2,9.1,24.8,0.0,0.0,0.0,0.0,3,10.799999999999999,6.4,10.7,19.1,0.0,0.0,0.0,0.0,2,14.1,Republic Airline,-0.5000000000000004,0.8660254037844384,0.9377521321470804,0.3473052528448203
DTW,99.0,71.0,453.0,2024,0,Fall,Morning,Morning,-6.1,11.4,67.0,0.0,0.0,0.0,0.0,1,8.5,7.3,9.6,22.7,0.0,0.0,0.0,0.0,1,13.299999999999999,Delta Air Lines Inc.,-0.8660254037844386,0.5000000000000001,0.5712682150947923,0.8207634412072763
DTW,99.0,64.0,453.0,2022,0,Spring,Morning,Morning,-10.9,7.9,47.5,0.7,0.0,0.49,3.0,73,7.5,4.9,23.7,44.3,3.5,3.1,0.28,8.0,73,18.8,Delta Air Lines Inc.,1.0,6.123233995736766e-17,0.39435585511331855,0.9189578116202306
ATL,112.0,78.0,666.0,2021,1,Winter,Evening,Afternoon,-15.1,8.5,29.5,0.0,0.0,0.0,0.0,2,12.2,2.9,22.3,41.8,0.0,0.0,0.0,0.0,3,11.7,Spirit Air Lines,0.49999999999999994,0.8660254037844387,0.9377521321470804,0.3473052528448203
LAX,302.0,270.0,2402.0,2023,0,Winter,Evening,Morning,-13.4,7.2,28.4,0.0,0.0,0.0,0.0,3,8.9,14.7,42.6,67.3,67.5,67.5,0.0,22.0,65,1.4000000000000004,Spirit Air Lines,0.49999999999999994,0.8660254037844387,0.20129852008866006,0.9795299412524945
TPA,162.0,129.0,920.0,2025,1,Spring,Afternoon,Afternoon,5.0,14.9,59.4,1.5,1.4,0.07,3.0,71,13.799999999999999,27.9,13.6,34.6,0.0,0.0,0.0,0.0,2,11.100000000000001,Frontier Airlines Inc.,0.49999999999999994,-0.8660254037844387,0.9377521321470804,0.3473052528448203
MDW,110.0,82.0,668.0,2023,1,Fall,Night,Evening,-6.1,11.0,32.0,0.0,0.0,0.0,0.0,3,16.3,10.7,30.2,54.7,3.0,3.0,0.0,2.0,63,13.399999999999999,Southwest Airlines Co.,-0.8660254037844386,0.5000000000000001,0.8486442574947509,0.5289640103269624
ORD,118.0,97.0,678.0,2024,0,Winter,Afternoon,Morning,-21.1,9.4,40.3,0.0,0.0,0.0,0.0,3,17.5,1.5,16.7,33.8,0.0,0.0,0.0,0.0,3,4.7,American Airlines Inc.,0.8660254037844386,0.5000000000000001,0.72479278722912,0.6889669190756866
BOS,97.0,58.0,280.0,2024,0,Winter,Afternoon,Afternoon,-15.2,9.5,39.6,0.9,0.0,0.63,5.0,73,13.5,-2.0,20.8,36.4,0.0,0.0,0.0,0.0,3,6.6000000000000005,American Airlines Inc.,0.49999999999999994,0.8660254037844387,0.20129852008866006,0.9795299412524945
ATL,125.0,90.0,666.0,2023,0,Summer,Afternoon,Afternoon,7.5,10.0,49.0,2.5,2.5,0.0,3.0,61,11.4,23.4,19.4,39.2,15.6,15.6,0.0,11.0,65,6.100000000000001,Delta Air Lines Inc.,1.2246467991473532e-16,-1.0,0.0,1.0
EYW,178.0,164.0,1121.0,2023,1,Winter,Evening,Afternoon,-27.3,9.2,24.1,0.0,0.0,0.0,0.0,0,10.599999999999998,15.7,37.5,51.8,0.0,0.0,0.0,0.0,3,3.8000000000000007,American Airlines Inc.,0.49999999999999994,0.8660254037844387,0.9377521321470804,0.3473052528448203
CLT,102.0,70.0,449.0,2024,1,Summer,Afternoon,Afternoon,7.5,9.2,29.5,2.1,2.1,0.0,8.0,53,14.8,27.9,15.5,32.4,0.2,0.2,0.0,2.0,51,11.399999999999999,American Airlines Inc.,1.2246467991473532e-16,-1.0,0.8486442574947509,0.5289640103269624
ORD,125.0,104.0,678.0,2022,0,Spring,Evening,Afternoon,-0.9,7.4,23.0,0.0,0.0,0.0,0.0,3,11.3,10.0,26.7,49.7,0.0,0.0,0.0,0.0,3,18.5,United Air Lines Inc.,0.8660254037844387,-0.49999999999999983,0.20129852008866006,0.9795299412524945
FLL,166.0,139.0,992.0,2024,0,Winter,Evening,Afternoon,-18.6,12.2,37.1,0.0,0.0,0.0,0.0,0,12.999999999999998,23.5,18.2,40.7,2.5,2.5,0.0,6.0,61,2.0,American Airlines Inc.,-2.4492935982947064e-16,1.0,0.72479278722912,0.6889669190756866
ORD,118.0,92.0,678.0,2025,0,Winter,Evening,Afternoon,-12.0,11.5,44.6,2.0,0.0,1.47,5.0,73,13.599999999999998,3.8,12.8,31.3,2.5,2.4,0.07,3.0,71,7.3999999999999995,American Airlines Inc.,0.8660254037844386,0.5000000000000001,0.39435585511331855,0.9189578116202306
TPA,151.0,125.0,920.0,2022,0,Spring,Afternoon,Afternoon,-4.1,9.0,27.4,0.0,0.0,0.0,0.0,3,16.8,24.9,28.0,50.4,1.4,1.4,0.0,6.0,51,4.700000000000003,American Airlines Inc.,0.8660254037844387,-0.49999999999999983,0.39435585511331855,0.9189578116202306
TYS,109.0,85.0,554.0,2024,0,Summer,Evening,Afternoon,6.6,11.5,47.9,4.6,4.6,0.0,5.0,61,11.3,23.1,11.7,25.6,1.2,1.2,0.0,10.0,51,9.0,PSA Airlines Inc.,-0.8660254037844384,-0.5000000000000004,0.0,1.0
CVG,109.0,64.0,507.0,2020,0,Winter,Morning,Morning,-15.2,8.5,30.6,0.0,0.0,0.0,0.0,3,13.3,2.0,20.5,42.8,4.5,4.5,0.0,9.0,55,4.800000000000001,Endeavor Air Inc.,0.8660254037844386,0.5000000000000001,0.39435585511331855,0.9189578116202306
STL,130.0,107.0,814.0,2020,0,Summer,Afternoon,Morning,9.0,9.7,38.9,3.3,3.3,0.0,12.0,53,9.7,23.6,14.1,30.6,0.2,0.2,0.0,2.0,51,6.0,Southwest Airlines Co.,-0.8660254037844384,-0.5000000000000004,0.20129852008866006,0.9795299412524945
DFW,196.0,155.0,1303.0,2021,0,Spring,Evening,Afternoon,-2.3,11.2,64.8,0.7,0.0,0.49,4.0,73,12.0,18.9,16.9,30.6,0.0,0.0,0.0,0.0,3,8.799999999999999,American Airlines Inc.,0.49999999999999994,-0.8660254037844387,0.72479278722912,0.6889669190756866
MDW,113.0,111.0,668.0,2022,1,Winter,Afternoon,Afternoon,-20.1,9.7,55.1,0.0,0.0,0.0,0.0,2,9.2,2.8,14.8,34.2,0.0,0.0,0.0,0.0,3,2.5999999999999996,Frontier Airlines Inc.,-2.4492935982947064e-16,1.0,0.8486442574947509,0.5289640103269624
BOS,100.0,69.0,280.0,2021,0,Spring,Evening,Evening,0.5,14.4,82.1,0.0,0.0,0.0,0.0,3,9.7,12.6,31.1,56.5,0.1,0.1,0.0,1.0,51,7.300000000000001,Republic Airline,0.49999999999999994,-0.8660254037844387,0.20129852008866006,0.9795299412524945
DAY,101.0,72.0,477.0,2025,1,Spring,Morning,Morning,-4.6,7.5,28.8,0.3,0.1,0.14,1.0,71,16.0,6.7,17.5,36.0,6.8,6.6,0.14,7.0,71,13.799999999999999,PSA Airlines Inc.,0.8660254037844387,-0.49999999999999983,0.9377521321470804,0.3473052528448203
MIA,170.0,148.0,1013.0,2020,0,Winter,Morning,Morning,-16.9,10.7,32.8,0.0,0.0,0.0,0.0,1,14.0,22.0,18.6,41.8,4.1,4.1,0.0,6.0,55,7.100000000000001,American Airlines Inc.,0.49999999999999994,0.8660254037844387,0.5712682150947923,0.8207634412072763
DFW,191.0,135.0,1303.0,2020,1,Winter,Night,Evening,-20.6,5.9,16.9,0.1,0.0,0.07,1.0,71,4.600000000000001,6.0,30.2,49.3,12.7,12.7,0.0,12.0,63,3.6000000000000005,American Airlines Inc.,-2.4492935982947064e-16,1.0,0.9377521321470804,0.3473052528448203
DCA,66.0,35.0,119.0,2022,1,Summer,Morning,Morning,8.2,8.9,35.3,0.0,0.0,0.0,0.0,3,8.9,26.4,14.1,31.3,8.4,8.4,0.0,5.0,63,7.899999999999999,Republic Airline,-0.8660254037844384,-0.5000000000000004,0.9377521321470804,0.3473052528448203
FLL,162.0,152.0,992.0,2022,0,Fall,Night,Evening,-7.7,5.8,24.8,0.0,0.0,0.0,0.0,3,7.699999999999999,25.9,16.7,32.0,1.0,1.0,0.0,4.0,51,4.699999999999999,Spirit Air Lines,-0.5000000000000004,0.8660254037844384,0.5712682150947923,0.8207634412072763
DFW,203.0,161.0,1303.0,2021,0,Summer,Evening,Afternoon,6.2,8.6,42.1,0.6,0.6,0.0,4.0,51,12.3,26.5,10.9,23.4,0.0,0.0,0.0,0.0,3,8.3,American Airlines Inc.,-0.8660254037844384,-0.5000000000000004,0.5712682150947923,0.8207634412072763
TPA,153.0,122.0,920.0,2025,0,Spring,Night,Night,-15.2,11.2,60.8,6.3,0.0,4.41,10.0,75,12.5,15.4,12.2,33.1,0.0,0.0,0.0,0.0,3,13.5,Frontier Airlines Inc.,1.0,6.123233995736766e-17,0.72479278722912,0.6889669190756866
CMH,93.0,64.0,406.0,2023,0,Summer,Morning,Morning,4.3,11.6,42.1,6.3,6.3,0.0,14.0,61,9.9,26.1,19.7,40.7,8.0,8.0,0.0,9.0,63,6.699999999999999,Republic Airline,-0.8660254037844384,-0.5000000000000004,0.72479278722912,0.6889669190756866
PIT,71.0,45.0,268.0,2025,0,Summer,Morning,Morning,12.0,14.9,46.4,0.0,0.0,0.0,0.0,0,16.1,22.4,8.3,20.5,0.0,0.0,0.0,0.0,1,12.400000000000002,American Airlines Inc.,-0.4999999999999998,-0.8660254037844388,0.72479278722912,0.6889669190756866
MIA,172.0,134.0,1013.0,2020,1,Spring,Afternoon,Afternoon,-1.0,6.9,27.7,0.7,0.6,0.07,5.0,71,12.3,24.5,22.4,45.4,0.0,0.0,0.0,0.0,2,13.299999999999997,American Airlines Inc.,0.49999999999999994,-0.8660254037844387,0.8486442574947509,0.5289640103269624
IND,108.0,87.0,588.0,2022,0,Summer,Evening,Afternoon,3.4,11.9,41.4,3.0,2.4,0.42,9.0,73,9.5,20.6,17.4,45.7,9.5,9.5,0.0,6.0,63,11.400000000000002,Republic Airline,1.2246467991473532e-16,-1.0,0.0,1.0
IND,112.0,89.0,588.0,2021,0,Fall,Afternoon,Morning,6.1,9.7,52.2,0.0,0.0,0.0,0.0,0,14.2,21.0,10.2,21.2,0.0,0.0,0.0,0.0,3,11.7,Republic Airline,-1.0,-1.8369701987210297e-16,0.39435585511331855,0.9189578116202306
DTW,95.0,78.0,453.0,2024,0,Winter,Afternoon,Afternoon,-15.0,11.1,33.5,0.0,0.0,0.0,0.0,3,14.299999999999999,-6.8,18.8,38.9,4.4,0.0,3.15,21.0,73,5.2,SkyWest Airlines Inc.,0.49999999999999994,0.8660254037844387,0.72479278722912,0.6889669190756866
STL,125.0,104.0,814.0,2025,0,Spring,Night,Evening,-16.6,13.0,48.2,5.2,0.0,3.64,16.0,73,12.5,5.5,18.7,41.4,0.0,0.0,0.0,0.0,3,14.7,Southwest Airlines Co.,1.0,6.123233995736766e-17,0.0,1.0
BOS,100.0,71.0,280.0,2020,0,Winter,Evening,Evening,-12.9,6.6,30.6,1.1,0.0,0.77,10.0,71,5.9,3.6,15.2,31.3,0.1,0.1,0.0,1.0,51,8.5,American Airlines Inc.,0.49999999999999994,0.8660254037844387,0.0,1.0
FLL,164.0,141.0,992.0,2021,0,Summer,Night,Night,6.3,10.1,37.4,6.8,6.8,0.0,13.0,63,7.3,27.9,15.2,33.5,0.9,0.9,0.0,8.0,51,5.0,JetBlue Airways,-0.4999999999999998,-0.8660254037844388,0.0,1.0
CLT,96.0,72.0,449.0,2024,0,Fall,Afternoon,Afternoon,-12.4,12.9,36.7,0.1,0.0,0.07,1.0,71,19.9,14.7,17.3,34.6,0.0,0.0,0.0,0.0,3,8.1,American Airlines Inc.,-0.5000000000000004,0.8660254037844384,0.20129852008866006,0.9795299412524945
ATL,120.0,87.0,666.0,2023,1,Winter,Morning,Morning,-19.7,8.3,38.2,0.0,0.0,0.0,0.0,3,10.3,6.1,40.3,69.8,29.1,29.1,0.0,22.0,63,3.0,American Airlines Inc.,0.8660254037844386,0.5000000000000001,0.9377521321470804,0.3473052528448203
MDW,115.0,124.0,668.0,2022,0,Summer,Evening,Afternoon,9.0,9.0,36.4,0.2,0.2,0.0,1.0,51,10.2,19.9,18.6,34.9,0.4,0.4,0.0,3.0,51,6.399999999999999,Southwest Airlines Co.,-0.8660254037844384,-0.5000000000000004,0.20129852008866006,0.9795299412524945
CVG,97.0,68.0,507.0,2022,0,Winter,Morning,Morning,-19.9,8.0,31.3,0.1,0.0,0.07,1.0,71,10.2,-8.6,11.6,23.0,0.0,0.0,0.0,0.0,1,8.6,PSA Airlines Inc.,0.49999999999999994,0.8660254037844387,0.39435585511331855,0.9189578116202306
SRQ,160.0,131.0,957.0,2020,1,Winter,Afternoon,Afternoon,-20.0,9.1,32.0,0.0,0.0,0.0,0.0,2,9.400000000000002,20.6,18.8,38.9,2.4,2.4,0.0,7.0,53,3.6000000000000014,Republic Airline,-2.4492935982947064e-16,1.0,0.8486442574947509,0.5289640103269624
LAX,314.0,281.0,2402.0,2023,0,Summer,Evening,Morning,7.5,10.0,49.0,2.5,2.5,0.0,3.0,61,11.4,18.0,18.1,39.6,0.0,0.0,0.0,0.0,3,4.600000000000001,Spirit Air Lines,1.2246467991473532e-16,-1.0,0.0,1.0
MCO,158.0,123.0,861.0,2021,0,Fall,Evening,Evening,-13.3,9.1,28.4,0.0,0.0,0.0,0.0,3,16.700000000000003,25.2,22.5,43.9,0.4,0.4,0.0,2.0,51,6.300000000000001,American Airlines Inc.,-0.8660254037844386,0.5000000000000001,0.20129852008866006,0.9795299412524945
MYR,101.0,79.0,473.0,2023,0,Spring,Evening,Evening,-3.9,10.5,65.5,0.0,0.0,0.0,0.0,3,11.9,18.2,33.4,67.0,0.0,0.0,0.0,0.0,3,9.7,Republic Airline,0.49999999999999994,-0.8660254037844387,0.0,1.0
CHS,113.0,83.0,550.0,2024,0,Summer,Afternoon,Afternoon,6.9,12.1,44.6,3.3,2.8,0.35,1.0,73,11.0,26.2,20.8,41.0,0.5,0.5,0.0,3.0,51,6.699999999999999,American Airlines Inc.,1.2246467991473532e-16,-1.0,0.0,1.0
MCO,143.0,120.0,861.0,2023,1,Fall,Night,Evening,-4.8,9.8,25.9,0.0,0.0,0.0,0.0,3,13.299999999999999,21.6,20.3,39.2,0.5,0.5,0.0,5.0,51,5.0,American Airlines Inc.,-0.5000000000000004,0.8660254037844384,0.8486442574947509,0.5289640103269624
BOS,90.0,64.0,280.0,2021,0,Fall,Night,Night,7.6,10.6,38.9,0.0,0.0,0.0,0.0,0,12.6,20.1,17.7,33.8,0.0,0.0,0.0,0.0,3,10.100000000000001,JetBlue Airways,-1.0,-1.8369701987210297e-16,0.20129852008866006,0.9795299412524945
TPA,153.0,115.0,920.0,2022,1,Winter,Afternoon,Morning,-19.2,7.5,22.7,0.0,0.0,0.0,0.0,3,10.5,19.5,13.4,23.0,0.0,0.0,0.0,0.0,3,9.7,Frontier Airlines Inc.,-2.4492935982947064e-16,1.0,0.9377521321470804,0.3473052528448203
PVD,83.0,58.0,237.0,2022,0,Summer,Evening,Afternoon,0.8,10.6,55.4,0.0,0.0,0.0,0.0,0,11.399999999999999,15.9,16.2,33.8,0.7,0.7,0.0,4.0,51,4.600000000000001,PSA Airlines Inc.,1.2246467991473532e-16,-1.0,0.39435585511331855,0.9189578116202306
ORD,129.0,87.0,678.0,2024,0,Fall,Night,Evening,-2.3,8.5,25.9,0.2,0.2,0.0,2.0,51,10.9,13.8,15.3,34.6,0.0,0.0,0.0,0.0,3,10.2,United Air Lines Inc.,-0.8660254037844386,0.5000000000000001,0.0,1.0
SRQ,157.0,126.0,957.0,2024,0,Winter,Night,Night,-8.6,12.5,65.9,0.0,0.0,0.0,0.0,3,19.200000000000003,17.2,16.6,24.1,0.0,0.0,0.0,0.0,3,7.699999999999999,Frontier Airlines Inc.,0.8660254037844386,0.5000000000000001,0.5712682150947923,0.8207634412072763
SJU,248.0,206.0,1576.0,2020,0,Fall,Evening,Afternoon,0.4,8.3,29.9,2.0,1.6,0.28,6.0,73,12.3,27.6,13.5,40.0,2.4,2.4,0.0,4.0,55,7.699999999999999,Spirit Air Lines,-1.0,-1.8369701987210297e-16,0.20129852008866006,0.9795299412524945
RSW,162.0,134.0,993.0,2025,0,Spring,Evening,Evening,-2.4,11.6,60.8,0.0,0.0,0.0,0.0,3,11.299999999999999,20.8,17.0,39.2,0.0,0.0,0.0,0.0,2,15.2,American Airlines Inc.,0.8660254037844387,-0.49999999999999983,0.0,1.0
MIA,172.0,139.0,1013.0,2023,1,Spring,Afternoon,Morning,2.2,14.4,62.6,1.5,0.3,0.84,2.0,75,12.0,26.3,14.3,31.0,3.5,3.5,0.0,6.0,55,8.700000000000003,American Airlines Inc.,0.49999999999999994,-0.8660254037844387,0.8486442574947509,0.5289640103269624
DEN,220.0,193.0,1558.0,2024,1,Spring,Afternoon,Morning,1.6,16.5,78.1,0.1,0.1,0.0,1.0,51,13.0,14.9,25.1,48.6,1.8,1.8,0.0,2.0,61,13.200000000000001,United Air Lines Inc.,0.49999999999999994,-0.8660254037844387,0.9377521321470804,0.3473052528448203
IAH,200.0,175.0,1325.0,2021,1,Winter,Evening,Afternoon,-14.7,8.5,22.3,0.0,0.0,0.0,0.0,3,11.5,20.4,20.2,38.9,0.4,0.4,0.0,2.0,51,8.400000000000002,Republic Airline,-2.4492935982947064e-16,1.0,0.9377521321470804,0.3473052528448203
SJU,247.0,203.0,1576.0,2024,0,Summer,Morning,Night,-1.6,9.6,28.1,1.8,1.1,0.49,7.0,73,7.2,27.7,16.2,24.1,0.9,0.9,0.0,4.0,51,3.6999999999999993,Spirit Air Lines,1.2246467991473532e-16,-1.0,0.5712682150947923,0.8207634412072763
SAN,317.0,291.0,2370.0,2022,0,Fall,Evening,Morning,3.3,9.0,36.4,2.1,1.9,0.14,5.0,71,10.5,25.0,19.6,36.4,0.0,0.0,0.0,0.0,1,9.200000000000003,American Airlines Inc.,-1.0,-1.8369701987210297e-16,0.5712682150947923,0.8207634412072763
IAH,209.0,185.0,1325.0,2021,0,Summer,Afternoon,Afternoon,5.5,8.7,37.8,3.5,3.5,0.0,6.0,53,8.7,28.6,16.7,33.1,0.0,0.0,0.0,0.0,3,8.299999999999997,SkyWest Airlines Inc.,-0.8660254037844384,-0.5000000000000004,0.72479278722912,0.6889669190756866
FLL,153.0,139.0,992.0,2020,0,Summer,Afternoon,Morning,7.0,10.2,56.2,0.2,0.2,0.0,2.0,51,11.6,27.9,12.3,29.2,1.0,1.0,0.0,7.0,51,4.599999999999998,JetBlue Airways,-0.4999999999999998,-0.8660254037844388,0.39435585511331855,0.9189578116202306
DEN,216.0,176.0,1558.0,2025,0,Spring,Night,Evening,2.0,10.9,34.2,0.0,0.0,0.0,0.0,3,13.0,13.5,22.0,50.4,2.8,2.8,0.0,11.0,53,18.9,United Air Lines Inc.,0.8660254037844387,-0.49999999999999983,0.0,1.0
CLT,103.0,66.0,449.0,2021,0,Summer,Night,Night,4.8,10.2,54.0,0.0,0.0,0.0,0.0,2,10.6,21.6,13.3,29.5,0.1,0.1,0.0,1.0,51,8.0,American Airlines Inc.,1.2246467991473532e-16,-1.0,0.39435585511331855,0.9189578116202306
SAN,324.0,284.0,2370.0,2025,0,Summer,Evening,Morning,9.9,11.6,36.4,0.0,0.0,0.0,0.0,3,16.3,20.4,12.2,37.1,0.0,0.0,0.0,0.0,1,6.600000000000001,American Airlines Inc.,-0.4999999999999998,-0.8660254037844388,0.5712682150947923,0.8207634412072763
RDU,86.0,53.0,337.0,2023,0,Spring,Morning,Morning,0.7,12.4,51.5,0.2,0.0,0.14,2.0,71,9.8,18.2,20.0,43.9,0.0,0.0,0.0,0.0,3,12.099999999999998,American Airlines Inc.,0.49999999999999994,-0.8660254037844387,0.5712682150947923,0.8207634412072763
BDL,78.0,60.0,196.0,2022,0,Winter,Evening,Afternoon,-19.0,9.8,46.4,0.0,0.0,0.0,0.0,3,15.899999999999999,-0.6,13.4,26.3,2.6,2.6,0.0,4.0,61,9.899999999999999,PSA Airlines Inc.,-2.4492935982947064e-16,1.0,0.5712682150947923,0.8207634412072763
MSP,155.0,119.0,980.0,2020,0,Fall,Night,Evening,4.9,9.0,34.9,0.0,0.0,0.0,0.0,1,11.399999999999999,9.9,14.1,31.7,1.7,1.7,0.0,5.0,53,6.000000000000001,Endeavor Air Inc.,-1.0,-1.8369701987210297e-16,0.20129852008866006,0.9795299412524945
TPA,158.0,123.0,920.0,2025,1,Winter,Afternoon,Morning,-16.8,8.9,21.6,0.0,0.0,0.0,0.0,3,14.4,16.2,9.0,19.1,0.0,0.0,0.0,0.0,3,12.3,Frontier Airlines Inc.,0.8660254037844386,0.5000000000000001,0.9377521321470804,0.3473052528448203
PBI,157.0,125.0,951.0,2023,0,Spring,Afternoon,Afternoon,-12.2,7.9,33.8,0.0,0.0,0.0,0.0,3,9.600000000000001,25.0,38.6,63.7,0.0,0.0,0.0,0.0,3,7.599999999999998,American Airlines Inc.,1.0,6.123233995736766e-17,0.72479278722912,0.6889669190756866
MDW,115.0,85.0,668.0,2021,1,Fall,Afternoon,Afternoon,-13.9,10.5,61.2,0.0,0.0,0.0,0.0,2,11.4,8.3,10.6,21.6,0.2,0.2,0.0,1.0,51,8.0,Southwest Airlines Co.,-0.8660254037844386,0.5000000000000001,0.8486442574947509,0.5289640103269624
EWR,74.0,32.0,80.0,2024,0,Spring,Afternoon,Afternoon,-16.6,11.3,35.6,0.0,0.0,0.0,0.0,3,19.0,6.8,22.4,40.7,0.0,0.0,0.0,0.0,3,10.799999999999999,Republic Airline,1.0,6.123233995736766e-17,0.72479278722912,0.6889669190756866
DFW,201.0,153.0,1303.0,2024,0,Winter,Morning,Morning,-20.4,11.2,27.7,0.0,0.0,0.0,0.0,0,16.9,4.7,10.6,21.6,0.0,0.0,0.0,0.0,3,8.2,American Airlines Inc.,-2.4492935982947064e-16,1.0,0.72479278722912,0.6889669190756866
ATL,119.0,84.0,666.0,2021,1,Fall,Night,Night,-19.2,8.4,23.0,0.0,0.0,0.0,0.0,2,14.5,7.2,20.6,38.2,0.0,0.0,0.0,0.0,2,9.8,Delta Air Lines Inc.,-0.5000000000000004,0.8660254037844384,0.8486442574947509,0.5289640103269624
DTW,95.0,71.0,453.0,2022,1,Fall,Night,Night,-9.3,9.5,71.3,0.0,0.0,0.0,0.0,3,10.899999999999999,5.5,23.7,44.3,19.6,19.6,0.0,11.0,63,3.0,Delta Air Lines Inc.,-0.5000000000000004,0.8660254037844384,0.9377521321470804,0.3473052528448203
PWM,91.0,72.0,364.0,2022,0,Summer,Afternoon,Afternoon,8.0,12.3,49.3,6.6,5.4,0.84,5.0,75,10.9,22.3,17.2,41.4,0.5,0.5,0.0,3.0,51,8.799999999999997,American Airlines Inc.,-0.8660254037844384,-0.5000000000000004,0.20129852008866006,0.9795299412524945
BNA,123.0,81.0,675.0,2020,0,Spring,Night,Evening,-9.6,6.2,23.4,0.0,0.0,0.0,0.0,3,14.1,15.1,21.1,59.8,14.6,14.6,0.0,13.0,63,5.100000000000001,Frontier Airlines Inc.,1.0,6.123233995736766e-17,0.20129852008866006,0.9795299412524945
CHS,104.0,82.0,550.0,2023,0,Summer,Morning,Morning,8.1,9.2,29.9,1.7,1.7,0.0,6.0,53,10.2,27.2,18.9,36.4,0.0,0.0,0.0,0.0,3,5.600000000000001,American Airlines Inc.,-0.8660254037844384,-0.5000000000000004,0.39435585511331855,0.9189578116202306
LEX,109.0,84.0,520.0,2025,0,Spring,Evening,Evening,6.8,15.4,48.6,0.0,0.0,0.0,0.0,3,12.7,16.1,14.9,29.9,10.6,10.6,0.0,10.0,63,9.200000000000001,PSA Airlines Inc.,0.49999999999999994,-0.8660254037844387,0.5712682150947923,0.8207634412072763
SJU,236.0,204.0,1576.0,2023,0,Fall,Morning,Night,2.2,13.3,56.5,0.3,0.3,0.0,1.0,51,12.0,29.0,25.5,33.1,0.0,0.0,0.0,0.0,3,5.199999999999999,Spirit Air Lines,-1.0,-1.8369701987210297e-16,0.20129852008866006,0.9795299412524945
PIT,81.0,43.0,268.0,2020,1,Spring,Morning,Morning,-2.2,8.3,52.6,12.5,1.1,7.98,11.0,75,6.199999999999999,18.0,21.0,53.6,3.7,3.7,0.0,6.0,61,9.799999999999999,Republic Airline,0.49999999999999994,-0.8660254037844387,0.9377521321470804,0.3473052528448203
ATL,113.0,90.0,666.0,2021,0,Winter,Night,Night,-10.0,7.6,54.4,0.0,0.0,0.0,0.0,0,8.2,4.9,17.3,34.6,1.7,1.7,0.0,6.0,53,3.7,Delta Air Lines Inc.,0.49999999999999994,0.8660254037844387,0.20129852008866006,0.9795299412524945
CHS,107.0,77.0,550.0,2024,0,Summer,Afternoon,Afternoon,7.5,8.8,28.8,1.0,1.0,0.0,2.0,53,10.2,28.2,16.8,33.8,0.1,0.1,0.0,1.0,51,8.2,American Airlines Inc.,-0.4999999999999998,-0.8660254037844388,0.20129852008866006,0.9795299412524945
MCO,147.0,115.0,861.0,2020,0,Winter,Morning,Morning,-22.8,7.9,26.6,0.0,0.0,0.0,0.0,3,8.100000000000001,18.6,23.9,46.4,0.3,0.3,0.0,1.0,51,11.7,American Airlines Inc.,-2.4492935982947064e-16,1.0,0.39435585511331855,0.9189578116202306
CLE,88.0,53.0,363.0,2020,0,Summer,Morning,Morning,11.1,11.1,46.1,0.0,0.0,0.0,0.0,3,11.9,20.8,17.5,39.6,0.4,0.4,0.0,3.0,51,8.200000000000001,Republic Airline,-0.8660254037844384,-0.5000000000000004,0.72479278722912,0.6889669190756866
ATL,111.0,85.0,666.0,2022,1,Winter,Night,Evening,-15.6,8.8,26.6,0.0,0.0,0.0,0.0,3,15.3,8.4,21.2,39.6,5.0,5.0,0.0,5.0,61,14.3,Delta Air Lines Inc.,0.49999999999999994,0.8660254037844387,0.9377521321470804,0.3473052528448203
TPA,152.0,118.0,920.0,2020,0,Winter,Evening,Afternoon,-15.0,7.1,35.3,0.0,0.0,0.0,0.0,3,9.299999999999999,22.4,25.4,47.2,0.1,0.1,0.0,1.0,51,6.899999999999999,American Airlines Inc.,0.49999999999999994,0.8660254037844387,0.72479278722912,0.6889669190756866
SDF,116.0,81.0,576.0,2023,0,Spring,Afternoon,Afternoon,-4.1,11.1,63.4,1.8,0.0,1.26,11.0,73,9.299999999999999,12.7,9.6,24.1,0.0,0.0,0.0,0.0,3,17.1,PSA Airlines Inc.,0.49999999999999994,-0.8660254037844387,0.5712682150947923,0.8207634412072763
CLT,94.0,65.0,449.0,2024,1,Winter,Evening,Afternoon,-12.2,16.3,83.2,6.1,0.0,4.27,24.0,73,5.799999999999999,9.7,21.0,41.4,0.0,0.0,0.0,0.0,3,6.0,American Airlines Inc.,0.8660254037844386,0.5000000000000001,0.8486442574947509,0.5289640103269624
DTW,104.0,84.0,453.0,2025,0,Summer,Morning,Morning,6.3,8.3,31.0,6.0,6.0,0.0,15.0,53,9.399999999999999,26.5,14.1,37.1,5.2,5.2,0.0,7.0,61,6.299999999999997,PSA Airlines Inc.,-0.4999999999999998,-0.8660254037844388,0.39435585511331855,0.9189578116202306
MKE,119.0,91.0,690.0,2024,0,Spring,Afternoon,Morning,-3.9,9.1,31.7,0.0,0.0,0.0,0.0,3,11.0,1.4,33.7,57.2,0.0,0.0,0.0,0.0,3,8.5,PSA Airlines Inc.,1.0,6.123233995736766e-17,0.39435585511331855,0.9189578116202306
MCO,151.0,120.0,861.0,2023,0,Summer,Afternoon,Morning,4.9,11.2,34.9,2.4,2.4,0.0,9.0,55,8.2,28.1,16.7,40.0,2.9,2.9,0.0,7.0,55,9.5,American Airlines Inc.,-0.8660254037844384,-0.5000000000000004,0.39435585511331855,0.9189578116202306
IAH,205.0,189.0,1325.0,2022,0,Spring,Evening,Afternoon,-0.6,9.0,39.2,2.8,0.3,1.75,9.0,73,11.8,24.0,27.1,51.8,2.4,2.4,0.0,9.0,55,6.400000000000002,Republic Airline,0.8660254037844387,-0.49999999999999983,0.72479278722912,0.6889669190756866
BNA,121.0,97.0,675.0,2022,0,Winter,Afternoon,Morning,-14.8,8.1,33.1,0.4,0.0,0.35,2.0,73,11.600000000000001,1.9,22.4,45.4,0.4,0.0,0.28,4.0,71,5.4,Republic Airline,0.49999999999999994,0.8660254037844387,0.72479278722912,0.6889669190756866
BOS,103.0,69.0,280.0,2025,0,Spring,Evening,Evening,-3.2,10.6,37.4,0.0,0.0,0.0,0.0,3,17.1,3.7,28.7,72.7,2.0,2.0,0.0,10.0,53,5.3999999999999995,JetBlue Airways,0.8660254037844387,-0.49999999999999983,0.20129852008866006,0.9795299412524945
SJU,246.0,221.0,1576.0,2023,1,Fall,Morning,Night,-6.1,11.0,32.0,0.0,0.0,0.0,0.0,3,16.3,27.3,20.2,29.9,8.8,8.8,0.0,8.0,63,3.6000000000000014,Spirit Air Lines,-0.8660254037844386,0.5000000000000001,0.8486442574947509,0.5289640103269624
IAH,190.0,165.0,1325.0,2021,1,Fall,Night,Evening,-16.0,9.4,29.5,0.0,0.0,0.0,0.0,3,16.099999999999998,13.8,14.8,27.0,0.0,0.0,0.0,0.0,0,11.6,United Air Lines Inc.,-0.5000000000000004,0.8660254037844384,0.8486442574947509,0.5289640103269624
CLT,97.0,65.0,449.0,2023,1,Spring,Morning,Morning,-3.2,8.4,59.4,0.1,0.0,0.07,1.0,71,7.3,8.6,22.9,42.1,8.8,8.8,0.0,6.0,63,11.2,American Airlines Inc.,0.8660254037844387,-0.49999999999999983,0.9377521321470804,0.3473052528448203
MSP,151.0,115.0,980.0,2024,1,Summer,Night,Evening,9.5,8.4,28.1,3.7,3.7,0.0,9.0,61,8.3,23.5,23.2,46.4,4.5,4.5,0.0,5.0,61,10.2,Delta Air Lines Inc.,-0.8660254037844384,-0.5000000000000004,0.9377521321470804,0.3473052528448203
CLT,106.0,77.0,449.0,2021,0,Summer,Evening,Evening,8.1,10.4,60.8,0.0,0.0,0.0,0.0,3,11.7,28.5,13.0,30.2,0.1,0.1,0.0,1.0,51,12.200000000000003,American Airlines Inc.,-0.4999999999999998,-0.8660254037844388,0.72479278722912,0.6889669190756866
TPA,162.0,120.0,920.0,2025,0,Summer,Night,Night,7.6,7.7,26.3,2.3,2.3,0.0,8.0,53,10.2,30.1,9.9,24.1,3.1,3.1,0.0,6.0,53,5.799999999999997,Frontier Airlines Inc.,-0.4999999999999998,-0.8660254037844388,0.5712682150947923,0.8207634412072763
BTV,90.0,56.0,335.0,2022,1,Fall,Afternoon,Afternoon,-10.9,12.5,90.4,0.0,0.0,0.0,0.0,3,10.3,3.7,24.6,49.7,0.2,0.2,0.0,2.0,51,7.1,PSA Airlines Inc.,-0.5000000000000004,0.8660254037844384,0.8486442574947509,0.5289640103269624
TPA,154.0,132.0,920.0,2024,0,Spring,Evening,Evening,2.4,10.1,45.4,0.6,0.1,0.35,5.0,71,11.7,29.4,20.4,41.4,0.2,0.2,0.0,1.0,51,12.8,American Airlines Inc.,0.49999999999999994,-0.8660254037844387,0.72479278722912,0.6889669190756866
ROC,83.0,58.0,257.0,2023,0,Fall,Afternoon,Afternoon,-14.4,9.2,25.9,0.0,0.0,0.0,0.0,3,11.6,4.8,17.9,34.6,0.0,0.0,0.0,0.0,3,14.799999999999999,Republic Airline,-0.5000000000000004,0.8660254037844384,0.39435585511331855,0.9189578116202306
GSP,112.0,79.0,515.0,2023,0,Summer,Morning,Morning,6.4,10.2,40.3,2.9,2.5,0.28,4.0,73,9.799999999999999,25.7,11.5,28.8,0.3,0.3,0.0,1.0,51,11.2,PSA Airlines Inc.,1.2246467991473532e-16,-1.0,0.72479278722912,0.6889669190756866
TPA,158.0,119.0,920.0,2025,1,Spring,Afternoon,Morning,-17.0,10.2,32.0,0.1,0.0,0.14,1.0,71,13.099999999999998,23.4,20.2,47.2,0.0,0.0,0.0,0.0,3,13.0,Frontier Airlines Inc.,1.0,6.123233995736766e-17,0.8486442574947509,0.5289640103269624
LAX,292.0,258.0,2402.0,2022,0,Winter,Evening,Morning,-15.4,7.6,47.9,0.0,0.0,0.0,0.0,3,6.199999999999999,13.1,10.0,17.3,0.3,0.3,0.0,3.0,51,3.9000000000000004,American Airlines Inc.,-2.4492935982947064e-16,1.0,0.72479278722912,0.6889669190756866
ORD,131.0,94.0,678.0,2021,1,Summer,Night,Evening,6.9,6.5,38.5,1.6,1.6,0.0,4.0,55,10.100000000000001,27.2,25.4,53.3,1.6,1.6,0.0,6.0,53,6.900000000000002,American Airlines Inc.,-0.8660254037844384,-0.5000000000000004,0.9377521321470804,0.3473052528448203
IND,110.0,83.0,588.0,2020,0,Summer,Afternoon,Afternoon,7.1,10.2,67.0,0.4,0.4,0.0,1.0,51,10.5,26.5,18.3,42.8,17.0,17.0,0.0,7.0,65,7.699999999999999,PSA Airlines Inc.,-0.4999999999999998,-0.8660254037844388,0.0,1.0
CMH,91.0,60.0,406.0,2021,0,Fall,Afternoon,Morning,-13.0,9.4,41.0,0.0,0.0,0.0,0.0,3,13.0,9.0,19.9,38.5,0.0,0.0,0.0,0.0,3,9.6,PSA Airlines Inc.,-0.5000000000000004,0.8660254037844384,0.0,1.0
DFW,205.0,175.0,1303.0,2021,0,Summer,Afternoon,Morning,7.6,9.0,42.8,4.3,4.3,0.0,9.0,55,11.5,27.6,27.2,46.1,0.2,0.2,0.0,2.0,51,9.799999999999997,American Airlines Inc.,-0.4999999999999998,-0.8660254037844388,0.39435585511331855,0.9189578116202306
JAX,126.0,103.0,742.0,2024,0,Winter,Morning,Morning,-16.9,7.8,21.6,0.0,0.0,0.0,0.0,3,9.2,11.9,13.7,26.3,0.0,0.0,0.0,0.0,3,15.799999999999999,American Airlines Inc.,0.8660254037844386,0.5000000000000001,0.0,1.0
SDF,115.0,81.0,576.0,2024,0,Summer,Evening,Afternoon,5.3,11.9,43.9,0.1,0.1,0.0,1.0,51,10.9,19.7,9.9,14.8,0.0,0.0,0.0,0.0,3,17.3,PSA Airlines Inc.,1.2246467991473532e-16,-1.0,0.39435585511331855,0.9189578116202306
CLT,95.0,75.0,449.0,2022,0,Summer,Afternoon,Afternoon,5.7,6.3,36.7,3.5,3.1,0.28,7.0,73,8.899999999999999,25.9,17.2,37.4,2.4,2.4,0.0,7.0,55,8.3,American Airlines Inc.,-0.4999999999999998,-0.8660254037844388,0.39435585511331855,0.9189578116202306
MCO,150.0,127.0,861.0,2025,0,Spring,Afternoon,Afternoon,-3.0,5.4,23.8,7.3,0.3,4.9,7.0,75,7.8999999999999995,24.3,10.3,26.3,0.7,0.7,0.0,4.0,51,11.0,American Airlines Inc.,0.49999999999999994,-0.8660254037844387,0.39435585511331855,0.9189578116202306
BGR,111.0,92.0,473.0,2023,0,Fall,Evening,Afternoon,6.5,12.8,47.9,0.0,0.0,0.0,0.0,0,14.0,19.7,12.9,29.2,5.3,5.3,0.0,8.0,61,4.699999999999999,American Airlines Inc.,-1.0,-1.8369701987210297e-16,0.5712682150947923,0.8207634412072763
PWM,90.0,71.0,364.0,2023,0,Fall,Evening,Afternoon,-2.7,15.7,77.4,2.3,0.1,1.54,11.0,73,11.7,15.1,13.1,30.6,0.0,0.0,0.0,0.0,3,8.500000000000002,American Airlines Inc.,-1.0,-1.8369701987210297e-16,0.72479278722912,0.6889669190756866
DEN,209.0,177.0,1558.0,2022,1,Spring,Night,Night,-2.2,7.9,32.4,0.0,0.0,0.0,0.0,3,11.7,9.7,33.7,60.8,0.0,0.0,0.0,0.0,3,16.799999999999997,Frontier Airlines Inc.,0.8660254037844387,-0.49999999999999983,0.9377521321470804,0.3473052528448203
PIT,67.0,42.0,268.0,2023,0,Winter,Evening,Evening,-14.9,8.1,24.5,0.0,0.0,0.0,0.0,3,7.800000000000001,4.6,22.7,50.8,0.1,0.1,0.0,1.0,51,19.3,American Airlines Inc.,0.8660254037844386,0.5000000000000001,0.72479278722912,0.6889669190756866
RSW,155.0,137.0,993.0,2022,0,Winter,Evening,Evening,-19.1,9.1,26.3,0.0,0.0,0.0,0.0,3,15.399999999999999,21.8,17.4,32.0,0.0,0.0,0.0,0.0,1,11.299999999999997,American Airlines Inc.,0.8660254037844386,0.5000000000000001,0.0,1.0
SJU,248.0,205.0,1576.0,2022,0,Winter,Evening,Afternoon,-18.6,10.5,27.0,0.0,0.0,0.0,0.0,3,16.5,25.4,19.8,44.3,4.6,4.6,0.0,12.0,61,6.5,American Airlines Inc.,0.49999999999999994,0.8660254037844387,0.72479278722912,0.6889669190756866
FLL,169.0,124.0,992.0,2023,0,Summer,Afternoon,Afternoon,7.6,15.0,55.1,8.8,8.8,0.0,8.0,63,10.8,28.8,15.8,28.8,2.5,2.5,0.0,1.0,63,9.600000000000001,American Airlines Inc.,-0.4999999999999998,-0.8660254037844388,0.0,1.0
BOS,94.0,82.0,280.0,2023,0,Winter,Evening,Afternoon,-16.3,7.9,39.6,0.0,0.0,0.0,0.0,0,9.400000000000002,-1.7,17.7,31.0,0.0,0.0,0.0,0.0,3,8.9,American Airlines Inc.,0.8660254037844386,0.5000000000000001,0.20129852008866006,0.9795299412524945
SAN,316.0,282.0,2370.0,2025,0,Summer,Morning,Night,6.6,14.1,42.1,5.8,5.1,0.49,4.0,73,11.2,18.0,12.4,37.1,0.0,0.0,0.0,0.0,3,7.0,American Airlines Inc.,1.2246467991473532e-16,-1.0,0.20129852008866006,0.9795299412524945
IAH,190.0,140.0,1325.0,2023,0,Spring,Night,Evening,-12.2,7.9,33.8,0.0,0.0,0.0,0.0,3,9.600000000000001,18.1,32.0,60.5,3.6,3.6,0.0,4.0,63,11.100000000000001,United Air Lines Inc.,1.0,6.123233995736766e-17,0.72479278722912,0.6889669190756866
LGA,71.0,30.0,96.0,2024,0,Summer,Evening,Evening,12.1,9.7,32.4,0.0,0.0,0.0,0.0,3,10.700000000000001,27.4,20.6,38.5,0.2,0.2,0.0,1.0,51,14.599999999999998,Republic Airline,-0.8660254037844384,-0.5000000000000004,0.5712682150947923,0.8207634412072763
SEA,308.0,273.0,2378.0,2025,1,Summer,Morning,Night,-2.6,8.7,39.6,14.7,0.9,9.66,18.0,75,2.6,12.8,15.9,37.1,1.5,1.5,0.0,2.0,53,8.700000000000001,American Airlines Inc.,1.2246467991473532e-16,-1.0,0.9377521321470804,0.3473052528448203
DEN,200.0,181.0,1558.0,2023,0,Fall,Evening,Afternoon,-11.2,5.9,19.8,0.0,0.0,0.0,0.0,3,6.4,-2.1,13.3,24.5,0.0,0.0,0.0,0.0,3,9.0,Southwest Airlines Co.,-0.5000000000000004,0.8660254037844384,0.5712682150947923,0.8207634412072763
CLT,98.0,66.0,449.0,2023,0,Fall,Evening,Evening,-0.8,8.9,29.9,0.0,0.0,0.0,0.0,3,10.7,22.1,10.0,17.6,0.0,0.0,0.0,0.0,3,10.900000000000002,American Airlines Inc.,-1.0,-1.8369701987210297e-16,0.0,1.0
BOS,95.0,57.0,280.0,2025,0,Spring,Evening,Evening,-2.7,10.9,41.8,1.3,0.2,0.77,5.0,73,10.9,1.3,26.1,61.6,0.0,0.0,0.0,0.0,2,10.4,American Airlines Inc.,0.8660254037844387,-0.49999999999999983,0.39435585511331855,0.9189578116202306
BOS,96.0,55.0,280.0,2022,0,Summer,Night,Evening,14.4,10.3,40.0,0.1,0.1,0.0,1.0,51,10.999999999999998,24.1,21.3,38.2,1.6,1.6,0.0,1.0,61,9.8,JetBlue Airways,-0.4999999999999998,-0.8660254037844388,0.20129852008866006,0.9795299412524945
ORD,129.0,89.0,678.0,2020,1,Summer,Evening,Afternoon,-0.3,10.2,66.6,2.9,0.1,1.96,4.0,73,8.1,23.8,12.5,27.7,16.5,16.5,0.0,10.0,65,8.900000000000002,American Airlines Inc.,1.2246467991473532e-16,-1.0,0.9377521321470804,0.3473052528448203
TPA,154.0,109.0,920.0,2023,0,Winter,Afternoon,Morning,-13.5,14.1,51.8,0.0,0.0,0.0,0.0,3,11.9,13.9,19.9,35.6,0.0,0.0,0.0,0.0,3,5.100000000000001,Frontier Airlines Inc.,-2.4492935982947064e-16,1.0,0.72479278722912,0.6889669190756866
PNS,145.0,127.0,935.0,2024,1,Spring,Evening,Afternoon,2.3,9.7,34.6,0.8,0.0,0.56,1.0,73,8.9,16.7,15.3,29.2,0.0,0.0,0.0,0.0,0,12.7,American Airlines Inc.,0.8660254037844387,-0.49999999999999983,0.8486442574947509,0.5289640103269624
DCA,61.0,33.0,119.0,2021,0,Summer,Evening,Afternoon,4.8,10.2,54.0,0.0,0.0,0.0,0.0,2,10.6,18.3,13.6,25.9,0.0,0.0,0.0,0.0,3,11.5,Republic Airline,1.2246467991473532e-16,-1.0,0.39435585511331855,0.9189578116202306
PBI,157.0,134.0,951.0,2020,1,Summer,Afternoon,Afternoon,11.6,7.8,30.2,2.8,2.8,0.0,8.0,55,9.5,27.4,15.9,31.3,4.3,4.3,0.0,7.0,61,5.600000000000001,American Airlines Inc.,-0.8660254037844384,-0.5000000000000004,0.8486442574947509,0.5289640103269624
ATL,118.0,105.0,666.0,2022,0,Fall,Morning,Morning,-8.0,8.5,33.1,0.0,0.0,0.0,0.0,1,10.100000000000001,10.0,9.5,20.2,0.0,0.0,0.0,0.0,1,15.0,Delta Air Lines Inc.,-0.8660254037844386,0.5000000000000001,0.72479278722912,0.6889669190756866
PWM,98.0,69.0,364.0,2020,1,Fall,Evening,Afternoon,5.3,8.6,31.3,0.0,0.0,0.0,0.0,2,11.1,15.8,24.2,57.6,0.0,0.0,0.0,0.0,3,8.400000000000002,PSA Airlines Inc.,-1.0,-1.8369701987210297e-16,0.9377521321470804,0.3473052528448203
MCI,156.0,123.0,1038.0,2023,0,Spring,Evening,Afternoon,-6.5,11.6,72.7,0.0,0.0,0.0,0.0,3,11.5,15.9,19.5,38.2,8.7,8.7,0.0,12.0,63,13.200000000000001,American Airlines Inc.,0.49999999999999994,-0.8660254037844387,0.72479278722912,0.6889669190756866
BGR,104.0,79.0,473.0,2020,0,Summer,Evening,Afternoon,11.9,9.4,36.7,0.7,0.7,0.0,3.0,51,12.9,21.2,10.3,26.6,0.4,0.4,0.0,2.0,51,11.3,PSA Airlines Inc.,-0.8660254037844384,-0.5000000000000004,0.0,1.0
SEA,312.0,260.0,2378.0,2024,0,Spring,Evening,Morning,-4.0,11.2,53.3,1.2,0.0,0.84,3.0,73,12.6,8.8,14.3,27.7,3.8,3.8,0.0,10.0,53,6.0,Alaska Airlines Inc.,1.0,6.123233995736766e-17,0.5712682150947923,0.8207634412072763
CLT,105.0,68.0,449.0,2020,0,Fall,Afternoon,Afternoon,-16.2,7.9,38.9,0.0,0.0,0.0,0.0,3,10.700000000000001,17.2,25.0,45.4,7.6,7.6,0.0,5.0,63,10.8,American Airlines Inc.,-0.8660254037844386,0.5000000000000001,0.72479278722912,0.6889669190756866
LAS,289.0,241.0,2176.0,2025,0,Spring,Morning,Night,1.2,6.2,24.5,0.7,0.7,0.0,3.0,51,14.8,21.4,11.0,25.6,0.0,0.0,0.0,0.0,3,17.099999999999998,Spirit Air Lines,0.49999999999999994,-0.8660254037844387,0.5712682150947923,0.8207634412072763
PHX,274.0,224.0,2075.0,2024,0,Winter,Evening,Morning,-13.1,10.3,37.1,0.4,0.0,0.28,3.0,71,14.900000000000002,13.6,5.8,13.3,0.0,0.0,0.0,0.0,0,15.5,American Airlines Inc.,-2.4492935982947064e-16,1.0,0.0,1.0
BNA,130.0,97.0,675.0,2021,0,Summer,Evening,Afternoon,8.1,10.4,60.8,0.0,0.0,0.0,0.0,3,11.7,29.1,16.0,36.4,0.9,0.9,0.0,5.0,51,7.800000000000004,Republic Airline,-0.4999999999999998,-0.8660254037844388,0.72479278722912,0.6889669190756866
STL,131.0,108.0,814.0,2021,1,Fall,Afternoon,Morning,6.5,9.7,37.1,0.0,0.0,0.0,0.0,0,12.399999999999999,25.2,7.6,25.9,0.8,0.8,0.0,6.0,51,10.200000000000003,PSA Airlines Inc.,-1.0,-1.8369701987210297e-16,0.8486442574947509,0.5289640103269624
CMH,89.0,63.0,406.0,2023,0,Summer,Evening,Evening,4.6,8.7,27.4,0.0,0.0,0.0,0.0,3,11.399999999999999,19.1,16.6,36.4,0.0,0.0,0.0,0.0,3,6.700000000000001,American Airlines Inc.,-0.8660254037844384,-0.5000000000000004,0.39435585511331855,0.9189578116202306
RDU,92.0,55.0,337.0,2020,1,Summer,Morning,Morning,8.0,10.1,39.2,1.1,1.1,0.0,3.0,53,11.8,24.2,12.2,26.3,2.4,2.4,0.0,7.0,55,7.899999999999999,Republic Airline,-0.8660254037844384,-0.5000000000000004,0.8486442574947509,0.5289640103269624
SDF,118.0,93.0,576.0,2020,1,Summer,Morning,Morning,7.8,9.6,36.4,1.2,1.2,0.0,4.0,53,12.600000000000001,24.3,15.5,41.0,11.3,11.3,0.0,11.0,63,8.599999999999998,Republic Airline,-0.4999999999999998,-0.8660254037844388,0.9377521321470804,0.3473052528448203
PWM,104.0,72.0,364.0,2020,0,Winter,Evening,Evening,-16.6,8.0,43.6,0.0,0.0,0.0,0.0,3,12.099999999999998,-8.5,22.5,48.6,0.0,0.0,0.0,0.0,3,9.1,Republic Airline,0.49999999999999994,0.8660254037844387,0.0,1.0
MKE,130.0,91.0,690.0,2021,0,Summer,Afternoon,Morning,8.4,10.0,44.3,0.1,0.1,0.0,1.0,51,10.8,21.9,20.1,37.4,13.1,13.1,0.0,16.0,63,7.200000000000003,PSA Airlines Inc.,1.2246467991473532e-16,-1.0,0.20129852008866006,0.9795299412524945
FLL,162.0,133.0,992.0,2022,1,Fall,Night,Evening,6.8,12.8,46.4,0.2,0.2,0.0,1.0,51,12.399999999999999,28.0,13.2,29.2,4.9,4.9,0.0,8.0,63,7.299999999999997,Spirit Air Lines,-1.0,-1.8369701987210297e-16,0.9377521321470804,0.3473052528448203
JAX,130.0,98.0,742.0,2022,1,Spring,Evening,Afternoon,-7.3,7.2,38.5,0.0,0.0,0.0,0.0,3,8.2,15.4,23.6,46.4,0.0,0.0,0.0,0.0,0,12.9,PSA Airlines Inc.,1.0,6.123233995736766e-17,0.8486442574947509,0.5289640103269624
MSP,152.0,124.0,980.0,2024,0,Summer,Night,Evening,7.2,11.5,41.4,0.0,0.0,0.0,0.0,3,11.2,21.9,10.5,26.3,1.4,1.4,0.0,4.0,53,12.500000000000002,Frontier Airlines Inc.,-0.4999999999999998,-0.8660254037844388,0.20129852008866006,0.9795299412524945
RDU,94.0,62.0,337.0,2021,0,Fall,Afternoon,Afternoon,4.6,10.7,70.6,0.0,0.0,0.0,0.0,0,12.1,16.8,12.3,29.9,0.0,0.0,0.0,0.0,0,10.599999999999998,Republic Airline,-1.0,-1.8369701987210297e-16,0.72479278722912,0.6889669190756866
RSW,163.0,149.0,993.0,2022,0,Spring,Evening,Afternoon,-0.9,7.4,23.0,0.0,0.0,0.0,0.0,3,11.3,23.7,20.1,42.1,0.0,0.0,0.0,0.0,3,16.300000000000004,American Airlines Inc.,0.8660254037844387,-0.49999999999999983,0.20129852008866006,0.9795299412524945
ATL,119.0,84.0,666.0,2022,1,Winter,Evening,Evening,-19.2,7.5,22.7,0.0,0.0,0.0,0.0,3,10.5,11.3,16.6,28.8,8.6,8.6,0.0,7.0,63,2.0,Spirit Air Lines,-2.4492935982947064e-16,1.0,0.9377521321470804,0.3473052528448203
DTW,97.0,68.0,453.0,2023,1,Spring,Morning,Morning,3.5,11.8,59.0,0.1,0.1,0.0,1.0,51,8.9,16.2,13.7,32.8,0.0,0.0,0.0,0.0,3,15.7,Delta Air Lines Inc.,0.49999999999999994,-0.8660254037844387,0.9377521321470804,0.3473052528448203
FLL,167.0,136.0,992.0,2023,1,Fall,Night,Evening,-8.6,10.4,40.3,0.0,0.0,0.0,0.0,3,14.4,26.2,16.2,32.8,0.1,0.1,0.0,1.0,51,5.800000000000001,Spirit Air Lines,-0.5000000000000004,0.8660254037844384,0.8486442574947509,0.5289640103269624
DTW,102.0,62.0,453.0,2021,0,Fall,Night,Night,-18.0,10.5,31.0,0.0,0.0,0.0,0.0,3,11.899999999999999,-0.5,21.5,40.3,0.1,0.1,0.0,1.0,51,7.3,Delta Air Lines Inc.,-0.5000000000000004,0.8660254037844384,0.0,1.0
MCO,153.0,133.0,861.0,2023,0,Summer,Morning,Morning,9.5,13.3,65.9,0.2,0.2,0.0,1.0,51,15.5,24.6,26.6,56.9,19.8,19.8,0.0,11.0,63,10.5,American Airlines Inc.,1.2246467991473532e-16,-1.0,0.39435585511331855,0.9189578116202306
BTV,93.0,68.0,335.0,2022,1,Spring,Morning,Morning,2.9,9.9,40.3,0.1,0.1,0.0,1.0,51,12.0,8.0,14.3,33.1,0.0,0.0,0.0,0.0,3,13.0,PSA Airlines Inc.,0.49999999999999994,-0.8660254037844387,0.8486442574947509,0.5289640103269624
MCI,164.0,130.0,1038.0,2021,1,Summer,Morning,Morning,4.1,7.1,35.6,0.1,0.1,0.0,1.0,51,10.1,26.8,14.8,33.8,0.2,0.2,0.0,2.0,51,7.800000000000001,Republic Airline,-0.8660254037844384,-0.5000000000000004,0.9377521321470804,0.3473052528448203
IAH,200.0,154.0,1325.0,2020,0,Fall,Evening,Afternoon,-7.2,6.4,27.7,0.3,0.0,0.21,3.0,71,6.8999999999999995,18.5,27.1,49.0,14.3,14.3,0.0,17.0,61,12.799999999999999,United Air Lines Inc.,-0.8660254037844386,0.5000000000000001,0.72479278722912,0.6889669190756866
JAX,124.0,95.0,742.0,2023,0,Spring,Evening,Evening,-12.2,7.9,33.8,0.0,0.0,0.0,0.0,3,9.600000000000001,22.8,32.2,63.4,0.0,0.0,0.0,0.0,3,12.700000000000003,American Airlines Inc.,1.0,6.123233995736766e-17,0.72479278722912,0.6889669190756866
SAV,120.0,92.0,629.0,2024,0,Fall,Morning,Morning,-3.3,9.0,49.7,0.0,0.0,0.0,0.0,3,10.4,13.6,14.2,32.4,0.0,0.0,0.0,0.0,0,12.0,PSA Airlines Inc.,-0.8660254037844386,0.5000000000000001,0.72479278722912,0.6889669190756866
BOS,95.0,59.0,280.0,2023,1,Summer,Afternoon,Morning,8.3,8.9,31.0,1.8,1.8,0.0,5.0,55,12.700000000000001,21.9,10.4,18.4,0.0,0.0,0.0,0.0,3,12.900000000000002,American Airlines Inc.,-0.8660254037844384,-0.5000000000000004,0.9377521321470804,0.3473052528448203
DFW,203.0,166.0,1303.0,2021,0,Summer,Morning,Morning,4.2,9.3,60.5,1.7,1.7,0.0,6.0,53,8.9,27.5,20.2,35.6,0.2,0.2,0.0,1.0,51,7.100000000000001,American Airlines Inc.,1.2246467991473532e-16,-1.0,0.5712682150947923,0.8207634412072763
DFW,203.0,169.0,1303.0,2021,0,Summer,Morning,Morning,5.5,11.1,73.1,0.0,0.0,0.0,0.0,1,6.3999999999999995,21.9,15.9,27.7,1.5,1.5,0.0,5.0,53,8.0,American Airlines Inc.,1.2246467991473532e-16,-1.0,0.72479278722912,0.6889669190756866
PIT,71.0,63.0,268.0,2022,0,Fall,Afternoon,Afternoon,1.6,13.0,82.4,0.7,0.0,0.49,7.0,71,10.1,10.4,12.7,29.2,0.0,0.0,0.0,0.0,3,11.200000000000001,PSA Airlines Inc.,-1.0,-1.8369701987210297e-16,0.72479278722912,0.6889669190756866
BNA,115.0,96.0,675.0,2021,0,Spring,Night,Evening,1.4,10.5,43.6,2.3,0.5,1.26,12.0,73,10.8,20.7,20.7,48.6,0.1,0.1,0.0,1.0,51,7.399999999999999,Southwest Airlines Co.,0.49999999999999994,-0.8660254037844387,0.20129852008866006,0.9795299412524945
MSP,154.0,113.0,980.0,2023,1,Spring,Morning,Morning,0.3,9.4,47.9,0.3,0.2,0.07,1.0,71,10.4,12.8,19.2,46.4,24.0,24.0,0.0,19.0,63,8.9,Delta Air Lines Inc.,0.49999999999999994,-0.8660254037844387,0.9377521321470804,0.3473052528448203
SFO,321.0,300.0,2521.0,2022,0,Fall,Morning,Night,-6.1,7.6,33.8,4.3,0.0,3.01,18.0,75,2.7,15.8,25.1,45.4,0.0,0.0,0.0,0.0,3,6.100000000000001,United Air Lines Inc.,-0.8660254037844386,0.5000000000000001,0.0,1.0
CHS,109.0,71.0,550.0,2024,0,Spring,Evening,Evening,-2.2,10.4,42.5,0.2,0.0,0.14,2.0,71,14.7,20.4,34.5,65.2,50.0,50.0,0.0,13.0,65,5.400000000000002,American Airlines Inc.,0.8660254037844387,-0.49999999999999983,0.5712682150947923,0.8207634412072763
CLE,87.0,55.0,363.0,2022,1,Winter,Morning,Morning,-15.9,10.9,41.0,0.0,0.0,0.0,0.0,0,9.0,-0.8,22.8,45.7,1.1,0.0,0.77,2.0,73,4.5,PSA Airlines Inc.,-2.4492935982947064e-16,1.0,0.8486442574947509,0.5289640103269624
IND,109.0,88.0,588.0,2024,0,Spring,Morning,Morning,2.4,10.1,45.4,0.6,0.1,0.35,5.0,71,11.7,17.8,14.9,33.5,0.0,0.0,0.0,0.0,3,11.100000000000001,Republic Airline,0.49999999999999994,-0.8660254037844387,0.72479278722912,0.6889669190756866
DEN,220.0,201.0,1558.0,2020,0,Summer,Evening,Morning,8.6,9.5,42.5,0.3,0.3,0.0,3.0,51,12.6,24.1,17.4,33.8,0.0,0.0,0.0,0.0,3,17.8,American Airlines Inc.,-0.8660254037844384,-0.5000000000000004,0.0,1.0
DFW,197.0,157.0,1303.0,2023,0,Fall,Morning,Morning,3.8,11.4,36.4,3.3,3.1,0.14,7.0,71,8.0,26.0,12.5,27.4,0.0,0.0,0.0,0.0,3,14.500000000000004,American Airlines Inc.,-1.0,-1.8369701987210297e-16,0.0,1.0
BNA,125.0,90.0,675.0,2025,1,Summer,Night,Evening,7.5,14.6,42.1,0.0,0.0,0.0,0.0,1,16.7,28.5,16.0,38.2,0.4,0.4,0.0,3.0,51,11.399999999999999,Southwest Airlines Co.,-0.4999999999999998,-0.8660254037844388,0.8486442574947509,0.5289640103269624
BUF,78.0,51.0,279.0,2021,1,Spring,Afternoon,Morning,-2.7,10.0,49.3,1.2,0.0,0.91,6.0,73,6.8,12.4,16.3,36.7,0.0,0.0,0.0,0.0,3,12.1,PSA Airlines Inc.,0.49999999999999994,-0.8660254037844387,0.8486442574947509,0.5289640103269624
MCO,158.0,123.0,861.0,2025,1,Summer,Morning,Morning,5.6,11.6,36.7,2.9,2.9,0.0,6.0,61,9.600000000000001,26.4,13.2,34.6,5.2,5.2,0.0,9.0,63,7.5,American Airlines Inc.,1.2246467991473532e-16,-1.0,0.9377521321470804,0.3473052528448203
BNA,115.0,86.0,675.0,2021,1,Fall,Night,Evening,-16.2,10.5,35.6,0.0,0.0,0.0,0.0,3,11.3,9.8,18.4,34.6,29.2,29.2,0.0,8.0,63,4.200000000000001,Southwest Airlines Co.,-0.5000000000000004,0.8660254037844384,0.9377521321470804,0.3473052528448203
RDU,94.0,68.0,337.0,2021,0,Fall,Evening,Afternoon,4.6,10.7,70.6,0.0,0.0,0.0,0.0,0,12.1,16.8,12.3,29.9,0.0,0.0,0.0,0.0,0,10.599999999999998,Republic Airline,-1.0,-1.8369701987210297e-16,0.72479278722912,0.6889669190756866
JAX,128.0,102.0,742.0,2024,1,Summer,Afternoon,Morning,6.7,9.5,31.7,2.4,2.4,0.0,3.0,61,14.8,25.2,15.3,33.8,6.2,6.2,0.0,10.0,63,5.399999999999999,PSA Airlines Inc.,-0.8660254037844384,-0.5000000000000004,0.9377521321470804,0.3473052528448203
DAB,140.0,123.0,808.0,2023,0,Spring,Evening,Afternoon,-4.1,11.1,63.4,1.8,0.0,1.26,11.0,73,9.299999999999999,20.5,15.5,31.3,0.0,0.0,0.0,0.0,2,12.100000000000001,PSA Airlines Inc.,0.49999999999999994,-0.8660254037844387,0.5712682150947923,0.8207634412072763
ATL,128.0,91.0,666.0,2021,0,Winter,Afternoon,Morning,-7.4,8.2,41.0,0.0,0.0,0.0,0.0,3,9.6,5.2,26.0,49.7,1.2,1.2,0.0,6.0,51,7.699999999999999,Republic Airline,0.8660254037844386,0.5000000000000001,0.72479278722912,0.6889669190756866
BUF,83.0,52.0,279.0,2022,0,Winter,Afternoon,Morning,-21.2,8.3,27.7,0.0,0.0,0.0,0.0,1,15.8,-9.3,26.5,49.7,1.0,0.0,0.7,7.0,73,9.600000000000001,PSA Airlines Inc.,0.49999999999999994,0.8660254037844387,0.5712682150947923,0.8207634412072763
RSW,174.0,157.0,993.0,2021,0,Summer,Evening,Afternoon,6.0,6.2,26.6,1.0,1.0,0.0,6.0,51,10.1,27.6,19.6,36.4,1.6,1.6,0.0,9.0,53,7.899999999999999,American Airlines Inc.,-0.8660254037844384,-0.5000000000000004,0.20129852008866006,0.9795299412524945
HVN,71.0,43.0,157.0,2020,0,Summer,Morning,Morning,8.6,9.5,42.5,0.3,0.3,0.0,3.0,51,12.6,26.1,16.6,39.6,0.0,0.0,0.0,0.0,1,8.0,Republic Airline,-0.8660254037844384,-0.5000000000000004,0.0,1.0
ATL,124.0,79.0,666.0,2020,0,Winter,Evening,Afternoon,-10.6,6.9,28.4,0.0,0.0,0.0,0.0,3,12.9,10.5,24.5,45.7,0.0,0.0,0.0,0.0,3,7.6000000000000005,Delta Air Lines Inc.,0.8660254037844386,0.5000000000000001,0.39435585511331855,0.9189578116202306
ATL,126.0,86.0,666.0,2023,0,Summer,Night,Night,5.8,12.0,38.9,5.0,4.9,0.07,7.0,71,11.799999999999999,27.7,22.0,55.4,8.9,8.9,0.0,2.0,65,11.000000000000004,Delta Air Lines Inc.,-0.8660254037844384,-0.5000000000000004,0.5712682150947923,0.8207634412072763
DEN,216.0,195.0,1558.0,2022,1,Fall,Afternoon,Morning,3.6,10.0,40.0,1.1,1.0,0.07,4.0,71,9.8,18.5,22.6,47.5,1.6,1.6,0.0,3.0,61,15.399999999999999,United Air Lines Inc.,-1.0,-1.8369701987210297e-16,0.8486442574947509,0.5289640103269624
DTW,99.0,70.0,453.0,2020,0,Fall,Night,Evening,-13.7,9.5,33.5,0.0,0.0,0.0,0.0,1,13.3,13.8,15.8,33.8,0.0,0.0,0.0,0.0,3,10.3,Delta Air Lines Inc.,-0.5000000000000004,0.8660254037844384,0.72479278722912,0.6889669190756866
FLL,165.0,160.0,992.0,2025,0,Winter,Evening,Afternoon,-18.5,10.3,21.2,0.0,0.0,0.0,0.0,3,13.6,23.8,12.7,31.7,1.0,1.0,0.0,5.0,51,6.5,American Airlines Inc.,0.8660254037844386,0.5000000000000001,0.0,1.0
MSY,163.0,129.0,1089.0,2022,0,Winter,Afternoon,Morning,-14.0,7.9,29.5,0.0,0.0,0.0,0.0,3,10.900000000000002,7.5,15.8,35.6,0.0,0.0,0.0,0.0,0,9.399999999999999,PSA Airlines Inc.,0.49999999999999994,0.8660254037844387,0.0,1.0
BNA,115.0,78.0,675.0,2024,0,Spring,Night,Evening,-5.1,8.4,30.2,0.0,0.0,0.0,0.0,3,10.299999999999999,15.2,41.1,76.0,18.9,18.9,0.0,18.0,63,7.200000000000001,Southwest Airlines Co.,1.0,6.123233995736766e-17,0.20129852008866006,0.9795299412524945
LGA,72.0,35.0,96.0,2025,0,Spring,Evening,Afternoon,-6.5,7.0,19.4,0.0,0.0,0.0,0.0,3,10.9,18.7,18.8,42.5,6.1,6.1,0.0,7.0,63,9.400000000000002,Republic Airline,0.8660254037844387,-0.49999999999999983,0.72479278722912,0.6889669190756866
PHX,265.0,218.0,2075.0,2024,1,Winter,Evening,Morning,-9.3,8.9,35.3,0.0,0.0,0.0,0.0,3,12.399999999999999,9.2,9.8,14.8,0.0,0.0,0.0,0.0,3,14.8,American Airlines Inc.,0.49999999999999994,0.8660254037844387,0.9377521321470804,0.3473052528448203
DFW,185.0,157.0,1303.0,2022,0,Winter,Afternoon,Morning,-18.4,11.6,28.8,0.0,0.0,0.0,0.0,3,13.700000000000001,5.5,17.3,31.7,0.0,0.0,0.0,0.0,2,6.3,American Airlines Inc.,-2.4492935982947064e-16,1.0,0.72479278722912,0.6889669190756866
CLT,97.0,69.0,449.0,2023,0,Fall,Night,Evening,6.0,17.1,74.9,0.0,0.0,0.0,0.0,2,14.899999999999999,21.4,13.8,28.1,0.0,0.0,0.0,0.0,3,8.599999999999998,American Airlines Inc.,-1.0,-1.8369701987210297e-16,0.72479278722912,0.6889669190756866
DEN,205.0,181.0,1558.0,2022,0,Spring,Evening,Afternoon,-2.9,10.1,30.6,5.2,3.6,1.12,13.0,73,11.7,8.3,20.1,43.9,1.0,1.0,0.0,6.0,51,9.1,Southwest Airlines Co.,0.49999999999999994,-0.8660254037844387,0.20129852008866006,0.9795299412524945
DTW,99.0,90.0,453.0,2025,0,Summer,Afternoon,Afternoon,10.7,11.0,32.8,1.5,1.5,0.0,6.0,51,11.200000000000001,28.9,19.5,46.8,0.1,0.1,0.0,1.0,51,13.3,American Airlines Inc.,-0.4999999999999998,-0.8660254037844388,0.5712682150947923,0.8207634412072763
CMH,87.0,91.0,406.0,2024,0,Summer,Evening,Afternoon,11.1,10.1,34.9,0.5,0.5,0.0,3.0,51,10.1,23.0,17.2,36.7,18.0,18.0,0.0,11.0,65,8.3,American Airlines Inc.,-0.8660254037844384,-0.5000000000000004,0.72479278722912,0.6889669190756866
MSY,168.0,144.0,1089.0,2024,1,Fall,Morning,Morning,-4.6,9.5,27.4,0.8,0.0,0.56,2.0,73,6.8,21.6,10.1,22.7,0.0,0.0,0.0,0.0,0,11.2,American Airlines Inc.,-0.8660254037844386,0.5000000000000001,0.8486442574947509,0.5289640103269624
MCO,145.0,107.0,861.0,2022,0,Winter,Afternoon,Afternoon,-18.1,9.7,47.9,0.0,0.0,0.0,0.0,3,12.000000000000002,18.4,22.4,43.2,2.0,2.0,0.0,9.0,51,10.7,Spirit Air Lines,-2.4492935982947064e-16,1.0,0.72479278722912,0.6889669190756866
ILM,89.0,63.0,413.0,2024,0,Fall,Afternoon,Afternoon,-7.2,9.4,29.2,0.0,0.0,0.0,0.0,0,12.200000000000001,20.2,11.4,25.6,0.0,0.0,0.0,0.0,2,10.3,PSA Airlines Inc.,-0.8660254037844386,0.5000000000000001,0.39435585511331855,0.9189578116202306
CLE,86.0,59.0,363.0,2021,1,Fall,Morning,Morning,-7.5,7.1,28.4,0.0,0.0,0.0,0.0,3,11.5,14.9,31.6,62.3,12.5,12.5,0.0,14.0,61,7.600000000000001,PSA Airlines Inc.,-0.8660254037844386,0.5000000000000001,0.8486442574947509,0.5289640103269624
MIA,165.0,134.0,1013.0,2022,0,Spring,Evening,Evening,4.0,10.1,45.0,0.5,0.5,0.0,3.0,51,16.7,25.9,17.2,34.9,2.7,2.7,0.0,4.0,55,11.099999999999998,American Airlines Inc.,0.49999999999999994,-0.8660254037844387,0.72479278722912,0.6889669190756866
PIT,77.0,51.0,268.0,2025,0,Winter,Morning,Morning,-16.9,9.4,24.1,0.0,0.0,0.0,0.0,3,13.599999999999998,-1.7,18.4,36.0,0.5,0.0,0.35,3.0,73,4.9,PSA Airlines Inc.,0.49999999999999994,0.8660254037844387,0.72479278722912,0.6889669190756866
RSW,167.0,141.0,993.0,2021,0,Summer,Afternoon,Morning,6.4,10.1,37.1,1.0,1.0,0.0,6.0,51,12.4,28.4,19.1,41.0,0.3,0.3,0.0,2.0,51,10.3,American Airlines Inc.,-0.8660254037844384,-0.5000000000000004,0.39435585511331855,0.9189578116202306
SFO,321.0,289.0,2521.0,2024,0,Summer,Morning,Night,10.1,7.8,25.9,4.0,4.0,0.0,4.0,63,11.5,16.6,27.5,54.4,0.0,0.0,0.0,0.0,3,10.0,American Airlines Inc.,-0.4999999999999998,-0.8660254037844388,0.0,1.0
JAX,126.0,114.0,742.0,2023,0,Spring,Evening,Afternoon,-3.4,11.7,77.0,3.9,0.0,2.8,11.0,73,5.8,19.6,25.9,52.2,0.0,0.0,0.0,0.0,3,7.799999999999999,American Airlines Inc.,0.8660254037844387,-0.49999999999999983,0.39435585511331855,0.9189578116202306
PIT,72.0,48.0,268.0,2025,0,Spring,Evening,Evening,5.6,11.4,35.6,0.0,0.0,0.0,0.0,3,14.8,11.5,21.1,41.4,8.3,8.3,0.0,19.0,55,5.199999999999999,American Airlines Inc.,0.49999999999999994,-0.8660254037844387,0.5712682150947923,0.8207634412072763
CLE,90.0,57.0,363.0,2025,0,Spring,Morning,Morning,-6.2,11.6,46.1,12.7,0.0,8.89,13.0,75,10.9,1.4,24.2,56.5,0.5,0.0,0.42,4.0,71,5.0,Republic Airline,1.0,6.123233995736766e-17,0.39435585511331855,0.9189578116202306
PHX,274.0,234.0,2075.0,2023,0,Spring,Afternoon,Morning,-1.3,8.6,42.5,0.7,0.0,0.49,4.0,73,10.6,26.1,16.2,31.0,0.0,0.0,0.0,0.0,3,15.200000000000003,American Airlines Inc.,0.8660254037844387,-0.49999999999999983,0.0,1.0
LAX,321.0,289.0,2402.0,2023,1,Summer,Morning,Night,9.4,10.2,34.9,0.8,0.8,0.0,3.0,53,10.8,22.7,31.1,50.4,28.3,28.3,0.0,13.0,63,3.8000000000000007,American Airlines Inc.,-0.8660254037844384,-0.5000000000000004,0.9377521321470804,0.3473052528448203
TPA,156.0,127.0,920.0,2024,0,Spring,Morning,Morning,-7.4,9.8,60.5,0.0,0.0,0.0,0.0,3,12.0,21.0,16.5,32.4,0.0,0.0,0.0,0.0,3,10.499999999999998,Spirit Air Lines,0.8660254037844387,-0.49999999999999983,0.0,1.0
LAS,291.0,268.0,2176.0,2024,0,Fall,Night,Evening,-2.8,7.6,23.0,0.3,0.2,0.07,3.0,71,10.0,27.6,15.5,27.7,0.0,0.0,0.0,0.0,2,16.4,Spirit Air Lines,-0.8660254037844386,0.5000000000000001,0.5712682150947923,0.8207634412072763
CLT,94.0,66.0,449.0,2024,0,Winter,Afternoon,Afternoon,-15.0,11.8,35.6,0.1,0.0,0.07,1.0,71,13.299999999999999,18.1,21.0,38.5,2.0,2.0,0.0,9.0,53,5.199999999999999,American Airlines Inc.,0.49999999999999994,0.8660254037844387,0.72479278722912,0.6889669190756866
DEN,217.0,172.0,1558.0,2020,0,Fall,Night,Evening,-0.0,9.0,37.4,9.1,1.1,5.6,12.0,75,16.8,19.5,29.1,51.5,0.0,0.0,0.0,0.0,2,19.7,United Air Lines Inc.,-1.0,-1.8369701987210297e-16,0.72479278722912,0.6889669190756866
BOS,93.0,61.0,280.0,2025,0,Spring,Afternoon,Afternoon,-2.4,11.6,60.8,0.0,0.0,0.0,0.0,3,11.299999999999999,9.7,16.7,40.0,0.1,0.1,0.0,1.0,51,15.900000000000002,Republic Airline,0.8660254037844387,-0.49999999999999983,0.0,1.0
ORD,127.0,83.0,678.0,2022,0,Winter,Night,Evening,-18.8,7.6,32.4,0.0,0.0,0.0,0.0,3,10.1,-14.8,16.0,32.0,0.0,0.0,0.0,0.0,2,8.599999999999998,American Airlines Inc.,0.49999999999999994,0.8660254037844387,0.20129852008866006,0.9795299412524945
BHM,136.0,107.0,772.0,2020,0,Winter,Morning,Morning,-15.0,8.5,38.9,0.0,0.0,0.0,0.0,3,13.700000000000001,15.8,23.1,44.6,0.4,0.4,0.0,2.0,51,6.399999999999999,PSA Airlines Inc.,0.49999999999999994,0.8660254037844387,0.72479278722912,0.6889669190756866
FLL,171.0,123.0,992.0,2023,1,Summer,Afternoon,Morning,6.9,14.0,44.3,0.7,0.7,0.0,5.0,51,8.8,28.6,14.0,27.0,0.4,0.4,0.0,4.0,51,5.899999999999999,Frontier Airlines Inc.,-0.4999999999999998,-0.8660254037844388,0.8486442574947509,0.5289640103269624
DTW,102.0,65.0,453.0,2021,1,Fall,Afternoon,Afternoon,-19.2,9.1,24.8,0.0,0.0,0.0,0.0,3,10.799999999999999,7.5,11.6,25.6,0.0,0.0,0.0,0.0,3,12.299999999999999,PSA Airlines Inc.,-0.5000000000000004,0.8660254037844384,0.9377521321470804,0.3473052528448203
BOS,91.0,57.0,280.0,2023,1,Fall,Evening,Evening,-7.8,11.1,33.5,0.1,0.0,0.07,1.0,71,13.3,12.2,27.4,48.6,3.6,3.6,0.0,5.0,61,4.800000000000001,American Airlines Inc.,-0.8660254037844386,0.5000000000000001,0.9377521321470804,0.3473052528448203
RDU,91.0,55.0,337.0,2021,1,Fall,Afternoon,Morning,-19.2,9.1,24.8,0.0,0.0,0.0,0.0,3,10.799999999999999,10.1,23.6,50.4,0.0,0.0,0.0,0.0,3,5.4,Republic Airline,-0.5000000000000004,0.8660254037844384,0.9377521321470804,0.3473052528448203
TPA,155.0,120.0,920.0,2021,0,Spring,Evening,Evening,-16.4,12.3,67.0,0.0,0.0,0.0,0.0,3,10.0,21.9,32.7,60.5,4.2,4.2,0.0,6.0,63,4.699999999999999,JetBlue Airways,0.8660254037844387,-0.49999999999999983,0.5712682150947923,0.8207634412072763
TYS,110.0,71.0,554.0,2024,1,Spring,Evening,Evening,-15.0,9.7,24.8,0.0,0.0,0.0,0.0,3,15.8,13.0,18.1,42.5,14.3,14.3,0.0,18.0,63,6.599999999999998,Republic Airline,1.0,6.123233995736766e-17,0.8486442574947509,0.5289640103269624
IAH,208.0,178.0,1325.0,2022,0,Spring,Afternoon,Morning,-0.0,9.4,48.6,0.7,0.3,0.28,3.0,73,9.6,27.9,26.9,51.1,0.5,0.5,0.0,3.0,51,8.399999999999999,Spirit Air Lines,0.49999999999999994,-0.8660254037844387,0.0,1.0
TYS,111.0,77.0,554.0,2023,0,Summer,Morning,Morning,11.4,8.3,41.4,1.4,1.4,0.0,7.0,51,9.8,25.7,10.4,26.3,0.0,0.0,0.0,0.0,3,14.5,PSA Airlines Inc.,-0.4999999999999998,-0.8660254037844388,0.0,1.0
BNA,125.0,97.0,675.0,2021,0,Spring,Morning,Morning,2.3,10.5,45.7,1.7,0.8,0.63,2.0,73,12.9,22.8,8.2,23.8,0.7,0.7,0.0,5.0,51,10.3,Frontier Airlines Inc.,0.49999999999999994,-0.8660254037844387,0.5712682150947923,0.8207634412072763
ORD,111.0,88.0,678.0,2022,0,Winter,Afternoon,Morning,-13.2,9.6,56.9,1.0,0.0,0.77,7.0,73,4.4,3.6,29.9,55.8,0.0,0.0,0.0,0.0,3,12.4,American Airlines Inc.,-2.4492935982947064e-16,1.0,0.72479278722912,0.6889669190756866
BNA,115.0,93.0,675.0,2023,1,Spring,Afternoon,Morning,-6.0,8.7,32.4,1.7,0.0,1.26,10.0,73,12.9,9.8,13.0,32.8,0.0,0.0,0.0,0.0,2,14.8,American Airlines Inc.,0.8660254037844387,-0.49999999999999983,0.9377521321470804,0.3473052528448203
DTW,97.0,67.0,453.0,2024,0,Spring,Night,Night,-4.0,11.2,53.3,1.2,0.0,0.84,3.0,73,12.6,-2.8,16.8,40.7,0.0,0.0,0.0,0.0,3,9.3,Delta Air Lines Inc.,1.0,6.123233995736766e-17,0.5712682150947923,0.8207634412072763
SJU,242.0,192.0,1576.0,2021,1,Summer,Night,Evening,8.3,8.2,42.5,0.5,0.5,0.0,3.0,51,9.899999999999999,28.3,31.1,67.7,2.4,2.4,0.0,13.0,51,4.0,JetBlue Airways,-0.8660254037844384,-0.5000000000000004,0.9377521321470804,0.3473052528448203
MIA,170.0,139.0,1013.0,2021,0,Fall,Morning,Morning,8.6,10.0,38.2,0.0,0.0,0.0,0.0,3,12.8,27.0,11.4,26.6,8.5,8.5,0.0,10.0,63,7.400000000000002,Frontier Airlines Inc.,-1.0,-1.8369701987210297e-16,0.39435585511331855,0.9189578116202306
BNA,124.0,94.0,675.0,2020,0,Summer,Evening,Afternoon,8.4,6.9,29.5,1.1,1.1,0.0,5.0,51,10.3,23.2,12.9,28.4,2.1,2.1,0.0,5.0,55,6.5,American Airlines Inc.,-0.8660254037844384,-0.5000000000000004,0.20129852008866006,0.9795299412524945
DTW,96.0,69.0,453.0,2022,0,Fall,Evening,Evening,-12.9,11.6,35.6,0.0,0.0,0.0,0.0,3,15.9,6.0,34.2,67.7,4.2,4.2,0.0,5.0,61,14.0,PSA Airlines Inc.,-0.5000000000000004,0.8660254037844384,0.39435585511331855,0.9189578116202306
CLT,101.0,71.0,449.0,2021,0,Fall,Afternoon,Afternoon,7.6,10.6,38.9,0.0,0.0,0.0,0.0,0,12.6,24.5,15.7,34.9,0.0,0.0,0.0,0.0,3,12.099999999999998,American Airlines Inc.,-1.0,-1.8369701987210297e-16,0.20129852008866006,0.9795299412524945
PHX,273.0,232.0,2075.0,2025,0,Summer,Morning,Night,7.5,18.2,60.1,1.2,1.2,0.0,4.0,53,10.4,34.9,13.8,37.8,0.0,0.0,0.0,0.0,0,14.100000000000001,American Airlines Inc.,1.2246467991473532e-16,-1.0,0.72479278722912,0.6889669190756866
DCA,78.0,37.0,119.0,2023,0,Summer,Morning,Morning,6.7,10.8,42.8,7.6,7.6,0.0,7.0,63,10.8,22.7,16.4,35.6,2.3,2.3,0.0,5.0,61,9.099999999999998,PSA Airlines Inc.,1.2246467991473532e-16,-1.0,0.39435585511331855,0.9189578116202306
AUS,219.0,189.0,1430.0,2021,1,Summer,Evening,Afternoon,4.6,9.4,49.0,1.1,1.0,0.07,4.0,71,10.2,28.1,19.8,32.0,0.0,0.0,0.0,0.0,3,9.800000000000004,Republic Airline,1.2246467991473532e-16,-1.0,0.8486442574947509,0.5289640103269624
SJU,247.0,235.0,1576.0,2024,0,Fall,Morning,Night,-2.9,10.9,50.8,0.1,0.0,0.07,1.0,71,11.0,29.2,16.6,22.0,0.9,0.9,0.0,4.0,53,4.0,Spirit Air Lines,-0.8660254037844386,0.5000000000000001,0.39435585511331855,0.9189578116202306
MCO,155.0,127.0,861.0,2024,0,Winter,Morning,Morning,-23.0,9.6,23.8,0.0,0.0,0.0,0.0,3,15.5,15.7,31.9,62.6,0.3,0.3,0.0,2.0,51,13.1,American Airlines Inc.,0.8660254037844386,0.5000000000000001,0.72479278722912,0.6889669190756866
BNA,123.0,95.0,675.0,2024,0,Summer,Afternoon,Morning,-1.6,9.6,28.1,1.8,1.1,0.49,7.0,73,7.2,24.6,18.8,35.6,17.0,17.0,0.0,10.0,65,8.5,American Airlines Inc.,1.2246467991473532e-16,-1.0,0.5712682150947923,0.8207634412072763
PIT,74.0,52.0,268.0,2020,1,Fall,Evening,Evening,-21.3,5.4,22.7,1.8,0.1,1.19,18.0,71,2.8000000000000007,7.6,21.2,43.6,6.8,6.8,0.0,7.0,61,13.0,Republic Airline,-0.5000000000000004,0.8660254037844384,0.9377521321470804,0.3473052528448203
SEA,307.0,260.0,2378.0,2021,0,Summer,Morning,Night,3.4,6.5,35.3,4.7,4.7,0.0,14.0,53,5.6000000000000005,17.0,14.0,27.7,0.4,0.4,0.0,3.0,51,9.500000000000002,American Airlines Inc.,-0.4999999999999998,-0.8660254037844388,0.39435585511331855,0.9189578116202306
SAN,302.0,253.0,2370.0,2023,0,Fall,Evening,Morning,-3.5,6.8,19.4,0.3,0.0,0.21,2.0,71,11.1,17.0,28.5,46.4,0.2,0.2,0.0,2.0,51,10.6,American Airlines Inc.,-0.5000000000000004,0.8660254037844384,0.39435585511331855,0.9189578116202306
IND,111.0,88.0,588.0,2020,0,Fall,Evening,Evening,-8.7,8.6,39.2,0.0,0.0,0.0,0.0,3,10.3,18.4,17.9,38.2,0.2,0.2,0.0,1.0,51,10.399999999999999,Republic Airline,-0.8660254037844386,0.5000000000000001,0.5712682150947923,0.8207634412072763
FLL,163.0,142.0,992.0,2021,0,Fall,Morning,Morning,-12.2,9.5,27.7,0.0,0.0,0.0,0.0,3,15.0,18.8,21.3,34.9,0.0,0.0,0.0,0.0,1,9.4,American Airlines Inc.,-0.5000000000000004,0.8660254037844384,0.0,1.0
MCO,153.0,119.0,861.0,2020,1,Summer,Morning,Morning,8.4,6.6,39.2,0.0,0.0,0.0,0.0,0,14.9,26.6,10.5,25.2,0.3,0.3,0.0,3.0,51,10.100000000000001,Frontier Airlines Inc.,1.2246467991473532e-16,-1.0,0.9377521321470804,0.3473052528448203
MHT,90.0,58.0,289.0,2022,0,Spring,Morning,Morning,7.1,10.7,41.0,0.3,0.3,0.0,2.0,51,12.6,8.7,20.8,49.3,0.0,0.0,0.0,0.0,3,12.9,PSA Airlines Inc.,0.49999999999999994,-0.8660254037844387,0.0,1.0
STL,125.0,101.0,814.0,2022,0,Fall,Morning,Morning,-10.9,8.8,27.0,0.0,0.0,0.0,0.0,3,10.8,20.4,26.3,50.0,0.5,0.5,0.0,2.0,51,7.0,American Airlines Inc.,-0.5000000000000004,0.8660254037844384,0.72479278722912,0.6889669190756866
MIA,166.0,143.0,1013.0,2021,0,Spring,Afternoon,Morning,0.1,11.1,70.9,0.0,0.0,0.0,0.0,3,7.699999999999999,25.5,31.8,58.7,1.5,1.5,0.0,9.0,51,3.8999999999999986,American Airlines Inc.,0.49999999999999994,-0.8660254037844387,0.5712682150947923,0.8207634412072763
ATL,107.0,95.0,666.0,2021,0,Fall,Afternoon,Afternoon,-10.5,8.4,26.3,0.0,0.0,0.0,0.0,3,15.5,12.6,20.6,34.6,0.0,0.0,0.0,0.0,3,13.7,Spirit Air Lines,-0.8660254037844386,0.5000000000000001,0.39435585511331855,0.9189578116202306
ATL,121.0,89.0,666.0,2022,0,Spring,Afternoon,Afternoon,-2.8,9.0,55.4,0.8,0.0,0.56,3.0,73,10.7,13.7,22.8,42.8,34.8,34.8,0.0,22.0,65,7.500000000000002,American Airlines Inc.,1.0,6.123233995736766e-17,0.39435585511331855,0.9189578116202306
MCO,160.0,120.0,861.0,2025,0,Winter,Evening,Afternoon,-18.8,11.2,53.6,0.0,0.0,0.0,0.0,2,10.600000000000001,16.6,11.7,25.6,0.0,0.0,0.0,0.0,3,14.0,Frontier Airlines Inc.,0.49999999999999994,0.8660254037844387,0.5712682150947923,0.8207634412072763
DFW,183.0,166.0,1303.0,2023,0,Winter,Evening,Afternoon,-12.9,10.8,31.7,0.0,0.0,0.0,0.0,0,15.799999999999999,14.6,18.4,29.5,6.8,6.8,0.0,12.0,61,2.0999999999999996,American Airlines Inc.,-2.4492935982947064e-16,1.0,0.5712682150947923,0.8207634412072763
CLT,97.0,74.0,449.0,2022,0,Summer,Afternoon,Morning,7.8,9.8,45.0,1.0,1.0,0.0,6.0,51,11.0,21.8,14.5,30.2,7.7,7.7,0.0,9.0,61,4.800000000000001,American Airlines Inc.,-0.8660254037844384,-0.5000000000000004,0.20129852008866006,0.9795299412524945
CMH,92.0,68.0,406.0,2023,0,Winter,Morning,Morning,-22.8,9.5,27.0,0.0,0.0,0.0,0.0,0,14.5,5.3,18.4,35.3,0.0,0.0,0.0,0.0,3,5.5,PSA Airlines Inc.,0.49999999999999994,0.8660254037844387,0.39435585511331855,0.9189578116202306
PIT,78.0,48.0,268.0,2021,0,Winter,Evening,Evening,-15.1,11.3,37.1,0.0,0.0,0.0,0.0,1,17.3,9.1,32.3,72.7,4.0,4.0,0.0,9.0,61,8.299999999999999,PSA Airlines Inc.,-2.4492935982947064e-16,1.0,0.5712682150947923,0.8207634412072763
MCO,149.0,106.0,861.0,2025,0,Spring,Evening,Evening,-12.4,8.6,24.8,0.0,0.0,0.0,0.0,1,13.5,19.3,27.0,59.0,0.0,0.0,0.0,0.0,3,14.9,American Airlines Inc.,1.0,6.123233995736766e-17,0.5712682150947923,0.8207634412072763
BOS,100.0,62.0,280.0,2022,0,Summer,Night,Evening,4.9,8.4,36.7,3.4,1.8,1.12,3.0,73,10.4,19.9,26.6,47.2,0.0,0.0,0.0,0.0,3,11.7,Republic Airline,1.2246467991473532e-16,-1.0,0.72479278722912,0.6889669190756866
RSW,170.0,132.0,993.0,2020,0,Spring,Night,Evening,-8.4,7.6,33.8,0.0,0.0,0.0,0.0,3,13.5,24.8,16.6,39.2,0.2,0.2,0.0,1.0,51,15.400000000000002,Frontier Airlines Inc.,1.0,6.123233995736766e-17,0.39435585511331855,0.9189578116202306
MDW,110.0,104.0,668.0,2025,0,Spring,Night,Evening,-8.6,11.3,35.6,0.0,0.0,0.0,0.0,2,18.099999999999998,9.6,27.3,61.2,29.6,29.6,0.0,13.0,63,15.999999999999998,Southwest Airlines Co.,0.8660254037844387,-0.49999999999999983,0.39435585511331855,0.9189578116202306
BNA,124.0,100.0,675.0,2023,0,Summer,Afternoon,Afternoon,10.2,10.1,34.2,0.0,0.0,0.0,0.0,2,14.4,25.8,10.4,25.2,0.2,0.2,0.0,1.0,51,14.900000000000002,Republic Airline,-0.4999999999999998,-0.8660254037844388,0.39435585511331855,0.9189578116202306
DAY,105.0,77.0,477.0,2021,0,Summer,Morning,Morning,6.8,11.0,59.0,1.2,1.2,0.0,7.0,51,13.7,22.7,13.3,38.5,5.3,5.3,0.0,8.0,63,7.800000000000001,PSA Airlines Inc.,1.2246467991473532e-16,-1.0,0.20129852008866006,0.9795299412524945
GSP,108.0,85.0,515.0,2023,0,Fall,Evening,Evening,-6.3,10.3,24.8,0.0,0.0,0.0,0.0,3,13.4,14.5,10.5,17.6,0.0,0.0,0.0,0.0,0,16.299999999999997,Republic Airline,-0.8660254037844386,0.5000000000000001,0.39435585511331855,0.9189578116202306
FLL,164.0,138.0,992.0,2024,0,Winter,Morning,Morning,-15.9,11.5,32.0,0.1,0.0,0.07,1.0,71,16.799999999999997,19.4,19.3,37.1,0.0,0.0,0.0,0.0,3,9.999999999999998,American Airlines Inc.,0.8660254037844386,0.5000000000000001,0.20129852008866006,0.9795299412524945
IAD,63.0,36.0,135.0,2021,1,Winter,Afternoon,Morning,-18.9,6.9,23.0,0.0,0.0,0.0,0.0,3,10.900000000000002,-2.6,15.5,28.8,0.0,0.0,0.0,0.0,3,8.4,Republic Airline,0.49999999999999994,0.8660254037844387,0.8486442574947509,0.5289640103269624
FLL,169.0,134.0,992.0,2024,0,Spring,Morning,Morning,-2.4,13.4,68.8,0.0,0.0,0.0,0.0,3,11.5,23.3,25.8,48.2,0.6,0.6,0.0,4.0,51,3.6999999999999993,American Airlines Inc.,0.8660254037844387,-0.49999999999999983,0.20129852008866006,0.9795299412524945
DEN,210.0,209.0,1558.0,2025,0,Summer,Night,Afternoon,12.0,14.9,46.4,0.0,0.0,0.0,0.0,0,16.1,25.9,26.2,46.1,0.1,0.1,0.0,1.0,51,12.399999999999999,Southwest Airlines Co.,-0.4999999999999998,-0.8660254037844388,0.72479278722912,0.6889669190756866
MCO,152.0,115.0,861.0,2024,1,Summer,Evening,Evening,5.5,9.7,30.2,0.3,0.3,0.0,3.0,51,12.100000000000001,25.7,19.7,41.4,1.5,1.5,0.0,5.0,53,10.100000000000001,American Airlines Inc.,-0.8660254037844384,-0.5000000000000004,0.8486442574947509,0.5289640103269624
CLT,98.0,72.0,449.0,2020,0,Winter,Afternoon,Afternoon,-15.3,8.4,39.6,0.0,0.0,0.0,0.0,3,11.399999999999999,16.8,38.4,83.5,32.0,32.0,0.0,23.0,65,5.6,American Airlines Inc.,0.8660254037844386,0.5000000000000001,0.5712682150947923,0.8207634412072763
MIA,176.0,142.0,1013.0,2022,0,Spring,Morning,Morning,-12.7,8.0,40.7,0.1,0.0,0.07,1.0,71,12.1,21.5,15.0,29.2,1.8,1.8,0.0,11.0,53,7.300000000000001,Frontier Airlines Inc.,1.0,6.123233995736766e-17,0.39435585511331855,0.9189578116202306
DEN,219.0,177.0,1558.0,2022,0,Summer,Night,Evening,10.7,11.3,46.8,0.0,0.0,0.0,0.0,0,11.0,26.0,21.9,43.6,0.2,0.2,0.0,1.0,51,17.599999999999998,United Air Lines Inc.,-0.4999999999999998,-0.8660254037844388,0.5712682150947923,0.8207634412072763
DCA,85.0,29.0,119.0,2024,0,Fall,Morning,Morning,-6.5,8.5,20.2,0.4,0.3,0.07,4.0,71,8.299999999999999,18.7,14.4,29.5,6.4,6.4,0.0,20.0,55,2.6999999999999993,PSA Airlines Inc.,-0.8660254037844386,0.5000000000000001,0.20129852008866006,0.9795299412524945
MCO,147.0,114.0,861.0,2022,0,Fall,Night,Evening,-7.4,10.6,73.1,0.0,0.0,0.0,0.0,3,6.6000000000000005,21.3,17.6,34.2,2.1,2.1,0.0,9.0,53,4.800000000000001,Spirit Air Lines,-0.5000000000000004,0.8660254037844384,0.39435585511331855,0.9189578116202306
SJU,241.0,202.0,1576.0,2021,0,Fall,Afternoon,Morning,-3.2,10.1,74.2,0.2,0.0,0.28,2.0,71,10.3,27.7,22.0,46.1,4.6,4.6,0.0,14.0,53,5.100000000000001,American Airlines Inc.,-0.8660254037844386,0.5000000000000001,0.5712682150947923,0.8207634412072763
MCO,154.0,108.0,861.0,2024,0,Winter,Evening,Afternoon,-18.2,11.5,40.0,0.0,0.0,0.0,0.0,0,18.5,15.0,13.0,25.9,0.0,0.0,0.0,0.0,3,8.400000000000002,Frontier Airlines Inc.,-2.4492935982947064e-16,1.0,0.20129852008866006,0.9795299412524945
ATL,119.0,86.0,666.0,2023,0,Spring,Afternoon,Afternoon,-3.5,7.9,31.3,0.0,0.0,0.0,0.0,3,12.3,11.5,24.0,44.3,0.0,0.0,0.0,0.0,3,11.799999999999999,Delta Air Lines Inc.,1.0,6.123233995736766e-17,0.39435585511331855,0.9189578116202306
EYW,177.0,159.0,1121.0,2023,0,Fall,Evening,Evening,-7.7,9.1,26.3,0.0,0.0,0.0,0.0,3,11.1,25.1,31.0,42.1,0.4,0.4,0.0,3.0,51,3.900000000000002,American Airlines Inc.,-0.5000000000000004,0.8660254037844384,0.0,1.0
DFW,194.0,173.0,1303.0,2022,1,Fall,Afternoon,Morning,2.1,8.3,32.0,1.1,1.1,0.0,3.0,53,9.0,29.8,20.8,38.2,0.0,0.0,0.0,0.0,3,11.499999999999996,American Airlines Inc.,-1.0,-1.8369701987210297e-16,0.9377521321470804,0.3473052528448203
CLT,102.0,71.0,449.0,2025,0,Winter,Evening,Afternoon,-15.8,11.1,26.6,0.0,0.0,0.0,0.0,0,17.5,2.5,6.5,15.5,0.0,0.0,0.0,0.0,3,12.1,American Airlines Inc.,0.49999999999999994,0.8660254037844387,0.0,1.0
MCO,145.0,119.0,861.0,2020,0,Fall,Night,Evening,5.8,9.7,39.6,0.0,0.0,0.0,0.0,3,7.6,27.2,8.7,23.8,6.6,6.6,0.0,10.0,63,6.900000000000002,American Airlines Inc.,-1.0,-1.8369701987210297e-16,0.39435585511331855,0.9189578116202306
CLT,98.0,75.0,449.0,2023,1,Winter,Evening,Evening,-20.3,8.8,26.3,0.0,0.0,0.0,0.0,2,13.2,12.2,14.0,24.1,0.0,0.0,0.0,0.0,3,5.799999999999999,American Airlines Inc.,0.49999999999999994,0.8660254037844387,0.9377521321470804,0.3473052528448203
FLL,167.0,135.0,992.0,2020,0,Winter,Afternoon,Morning,-10.7,7.6,45.4,4.2,0.1,2.87,13.0,73,4.800000000000001,24.9,26.2,47.5,2.3,2.3,0.0,8.0,53,3.6999999999999993,American Airlines Inc.,0.8660254037844386,0.5000000000000001,0.5712682150947923,0.8207634412072763
ATL,128.0,94.0,666.0,2023,1,Summer,Evening,Evening,8.9,7.9,29.2,2.3,2.3,0.0,8.0,53,10.5,25.8,10.9,24.1,0.9,0.9,0.0,5.0,51,10.0,American Airlines Inc.,-0.8660254037844384,-0.5000000000000004,0.8486442574947509,0.5289640103269624
SLC,245.0,221.0,1927.0,2025,0,Spring,Evening,Morning,-6.2,11.6,46.1,12.7,0.0,8.89,13.0,75,10.9,11.1,10.7,27.0,0.0,0.0,0.0,0.0,0,20.5,Delta Air Lines Inc.,1.0,6.123233995736766e-17,0.39435585511331855,0.9189578116202306
MEM,145.0,127.0,875.0,2024,0,Summer,Morning,Morning,5.1,9.1,37.8,3.6,3.6,0.0,9.0,53,10.8,29.4,13.7,31.0,0.1,0.1,0.0,1.0,51,12.8,PSA Airlines Inc.,-0.8660254037844384,-0.5000000000000004,0.5712682150947923,0.8207634412072763
GSO,84.0,59.0,365.0,2022,1,Spring,Morning,Morning,-10.2,8.3,27.4,2.9,0.0,2.03,8.0,73,12.000000000000002,18.5,29.8,64.4,0.1,0.1,0.0,1.0,51,11.299999999999999,Republic Airline,1.0,6.123233995736766e-17,0.9377521321470804,0.3473052528448203
DFW,195.0,153.0,1303.0,2023,1,Summer,Evening,Afternoon,11.2,10.8,36.4,1.7,1.7,0.0,9.0,53,11.2,30.1,24.2,43.6,0.2,0.2,0.0,2.0,51,10.899999999999999,American Airlines Inc.,-0.4999999999999998,-0.8660254037844388,0.8486442574947509,0.5289640103269624
BOS,92.0,62.0,280.0,2023,1,Summer,Morning,Morning,7.8,8.9,41.4,3.0,3.0,0.0,3.0,61,9.600000000000001,16.6,16.8,32.8,10.5,10.5,0.0,19.0,63,6.600000000000001,JetBlue Airways,1.2246467991473532e-16,-1.0,0.9377521321470804,0.3473052528448203
DTW,96.0,69.0,453.0,2021,0,Summer,Morning,Morning,7.3,9.2,39.2,2.1,2.1,0.0,8.0,53,8.0,22.1,15.5,41.4,3.7,3.7,0.0,8.0,61,7.099999999999998,Republic Airline,-0.4999999999999998,-0.8660254037844388,0.5712682150947923,0.8207634412072763
SAV,121.0,91.0,629.0,2024,0,Summer,Evening,Evening,9.6,8.4,27.0,6.0,6.0,0.0,7.0,63,9.100000000000001,25.6,13.4,30.2,0.8,0.8,0.0,6.0,51,7.699999999999999,PSA Airlines Inc.,-0.8660254037844384,-0.5000000000000004,0.5712682150947923,0.8207634412072763
LAX,306.0,277.0,2402.0,2022,0,Spring,Night,Afternoon,1.0,8.0,32.4,0.6,0.4,0.14,3.0,71,17.0,15.9,26.9,46.1,0.0,0.0,0.0,0.0,3,5.4,American Airlines Inc.,0.49999999999999994,-0.8660254037844387,0.39435585511331855,0.9189578116202306
CLE,84.0,57.0,363.0,2024,1,Fall,Evening,Afternoon,-0.7,10.2,34.6,1.3,0.6,0.49,10.0,71,5.199999999999999,17.4,19.0,33.5,0.0,0.0,0.0,0.0,1,5.700000000000001,American Airlines Inc.,-0.8660254037844386,0.5000000000000001,0.8486442574947509,0.5289640103269624
IND,110.0,86.0,588.0,2024,0,Spring,Evening,Afternoon,-0.8,10.9,40.0,0.3,0.0,0.21,2.0,71,7.3,19.9,15.8,28.1,0.0,0.0,0.0,0.0,0,11.8,Republic Airline,0.8660254037844387,-0.49999999999999983,0.0,1.0
MSP,152.0,121.0,980.0,2024,0,Fall,Night,Evening,-17.2,7.5,17.3,0.0,0.0,0.0,0.0,3,10.9,-4.7,10.2,25.6,0.0,0.0,0.0,0.0,3,4.4,Delta Air Lines Inc.,-0.5000000000000004,0.8660254037844384,0.39435585511331855,0.9189578116202306
DAB,142.0,111.0,808.0,2021,0,Fall,Evening,Afternoon,5.0,11.3,46.4,0.1,0.1,0.0,1.0,51,13.7,26.1,17.5,36.4,5.7,5.7,0.0,10.0,63,7.699999999999999,PSA Airlines Inc.,-1.0,-1.8369701987210297e-16,0.5712682150947923,0.8207634412072763
BNA,117.0,97.0,675.0,2020,0,Winter,Evening,Afternoon,-16.8,8.0,28.8,0.0,0.0,0.0,0.0,3,11.700000000000001,4.5,12.6,26.3,0.0,0.0,0.0,0.0,3,9.8,American Airlines Inc.,0.49999999999999994,0.8660254037844387,0.39435585511331855,0.9189578116202306
MCO,149.0,114.0,861.0,2025,0,Winter,Morning,Morning,-12.0,11.5,44.6,2.0,0.0,1.47,5.0,73,13.599999999999998,17.6,10.8,23.0,0.0,0.0,0.0,0.0,1,12.700000000000001,American Airlines Inc.,0.8660254037844386,0.5000000000000001,0.39435585511331855,0.9189578116202306
MSP,157.0,112.0,980.0,2020,0,Winter,Night,Evening,-20.5,7.6,59.4,0.0,0.0,0.0,0.0,0,12.299999999999999,-15.8,24.8,52.9,5.9,0.0,4.2,5.0,75,17.3,Delta Air Lines Inc.,0.49999999999999994,0.8660254037844387,0.72479278722912,0.6889669190756866
CMH,91.0,58.0,406.0,2022,1,Fall,Afternoon,Morning,-8.6,10.5,39.6,0.0,0.0,0.0,0.0,3,14.2,10.0,11.3,20.5,0.0,0.0,0.0,0.0,2,14.099999999999998,PSA Airlines Inc.,-0.8660254037844386,0.5000000000000001,0.8486442574947509,0.5289640103269624
STL,125.0,98.0,814.0,2024,0,Winter,Night,Night,-13.1,10.3,37.1,0.4,0.0,0.28,3.0,71,14.900000000000002,8.0,17.8,37.8,4.3,4.3,0.0,5.0,61,5.199999999999999,Southwest Airlines Co.,-2.4492935982947064e-16,1.0,0.0,1.0
ATL,118.0,92.0,666.0,2024,0,Fall,Night,Evening,-1.9,7.8,24.8,0.0,0.0,0.0,0.0,2,16.5,22.0,13.0,20.9,0.0,0.0,0.0,0.0,1,9.3,Delta Air Lines Inc.,-0.8660254037844386,0.5000000000000001,0.39435585511331855,0.9189578116202306
DFW,202.0,160.0,1303.0,2025,0,Summer,Morning,Morning,-2.1,10.0,33.5,0.0,0.0,0.0,0.0,3,13.600000000000001,23.6,13.6,32.4,13.8,13.8,0.0,6.0,65,9.2,American Airlines Inc.,1.2246467991473532e-16,-1.0,0.5712682150947923,0.8207634412072763
RSW,165.0,145.0,993.0,2021,0,Spring,Morning,Morning,-11.1,7.6,41.0,0.1,0.0,0.07,1.0,71,9.8,20.8,22.4,49.0,0.0,0.0,0.0,0.0,3,10.600000000000001,Republic Airline,1.0,6.123233995736766e-17,0.5712682150947923,0.8207634412072763
ATL,118.0,85.0,666.0,2022,0,Spring,Night,Night,-2.1,7.9,46.4,0.0,0.0,0.0,0.0,0,11.2,16.1,20.7,40.0,0.0,0.0,0.0,0.0,1,16.7,Delta Air Lines Inc.,0.8660254037844387,-0.49999999999999983,0.72479278722912,0.6889669190756866
MCO,150.0,135.0,861.0,2020,0,Spring,Morning,Morning,-15.9,6.5,38.2,4.5,0.0,3.15,9.0,75,6.800000000000001,18.7,26.3,53.3,0.2,0.2,0.0,2.0,51,10.0,Southwest Airlines Co.,1.0,6.123233995736766e-17,0.0,1.0
RDU,91.0,55.0,337.0,2021,1,Spring,Night,Evening,-6.7,11.9,51.1,1.2,0.0,0.84,8.0,73,9.799999999999999,11.3,15.4,34.2,0.0,0.0,0.0,0.0,1,18.700000000000003,Frontier Airlines Inc.,0.8660254037844387,-0.49999999999999983,0.9377521321470804,0.3473052528448203
TYS,108.0,84.0,554.0,2021,0,Spring,Morning,Morning,-11.1,6.2,33.5,1.9,0.0,1.33,10.0,73,7.6,7.2,8.8,20.9,0.0,0.0,0.0,0.0,3,12.8,PSA Airlines Inc.,1.0,6.123233995736766e-17,0.39435585511331855,0.9189578116202306
SLC,257.0,232.0,1927.0,2024,0,Winter,Afternoon,Morning,-10.9,11.2,50.0,0.0,0.0,0.0,0.0,3,13.2,4.2,11.3,22.7,0.0,0.0,0.0,0.0,3,8.5,Delta Air Lines Inc.,0.49999999999999994,0.8660254037844387,0.0,1.0
ATL,124.0,94.0,666.0,2024,0,Spring,Evening,Evening,4.2,13.3,43.6,6.2,3.8,1.68,4.0,75,14.7,21.1,13.7,31.0,0.0,0.0,0.0,0.0,3,12.899999999999999,American Airlines Inc.,0.49999999999999994,-0.8660254037844387,0.0,1.0
FLL,167.0,142.0,992.0,2024,1,Spring,Evening,Evening,-5.2,11.3,47.5,0.1,0.0,0.07,1.0,71,11.9,20.7,16.7,34.2,0.0,0.0,0.0,0.0,1,13.3,Spirit Air Lines,0.8660254037844387,-0.49999999999999983,0.8486442574947509,0.5289640103269624
MCI,158.0,139.0,1038.0,2022,1,Spring,Morning,Morning,0.9,10.1,51.5,0.0,0.0,0.0,0.0,3,11.3,21.0,25.6,51.1,0.0,0.0,0.0,0.0,3,12.399999999999999,PSA Airlines Inc.,0.49999999999999994,-0.8660254037844387,0.8486442574947509,0.5289640103269624
PHX,261.0,231.0,2075.0,2022,1,Winter,Afternoon,Morning,-15.4,8.0,35.3,0.0,0.0,0.0,0.0,3,11.599999999999998,14.1,26.7,43.6,0.5,0.5,0.0,1.0,53,10.1,American Airlines Inc.,0.49999999999999994,0.8660254037844387,0.8486442574947509,0.5289640103269624
RSW,174.0,129.0,993.0,2021,0,Summer,Evening,Afternoon,5.5,8.7,37.8,3.5,3.5,0.0,6.0,53,8.7,27.8,12.3,32.4,2.7,2.7,0.0,7.0,53,8.0,American Airlines Inc.,-0.8660254037844384,-0.5000000000000004,0.72479278722912,0.6889669190756866
PIT,78.0,45.0,268.0,2024,0,Summer,Afternoon,Afternoon,10.4,10.2,31.3,0.1,0.1,0.0,1.0,51,12.4,20.9,10.1,24.8,0.0,0.0,0.0,0.0,1,12.700000000000001,PSA Airlines Inc.,-0.4999999999999998,-0.8660254037844388,0.72479278722912,0.6889669190756866
ATL,117.0,92.0,666.0,2023,0,Fall,Morning,Morning,-11.9,9.2,49.3,3.0,0.0,2.1,6.0,73,8.7,17.6,15.4,29.5,0.7,0.7,0.0,3.0,51,5.899999999999999,American Airlines Inc.,-0.5000000000000004,0.8660254037844384,0.72479278722912,0.6889669190756866
DTW,103.0,66.0,453.0,2020,1,Winter,Morning,Morning,-17.6,9.6,34.2,0.0,0.0,0.0,0.0,3,10.8,0.2,18.5,36.0,0.0,0.0,0.0,0.0,3,5.7,PSA Airlines Inc.,-2.4492935982947064e-16,1.0,0.8486442574947509,0.5289640103269624
IAH,200.0,164.0,1325.0,2024,0,Spring,Night,Evening,8.0,9.2,30.6,0.0,0.0,0.0,0.0,3,14.8,23.9,11.8,23.8,0.0,0.0,0.0,0.0,3,13.0,United Air Lines Inc.,0.49999999999999994,-0.8660254037844387,0.39435585511331855,0.9189578116202306
BDL,74.0,63.0,196.0,2020,0,Winter,Morning,Morning,-14.4,8.9,37.8,0.5,0.0,0.35,5.0,71,12.9,6.5,14.2,34.6,0.1,0.1,0.0,1.0,51,8.2,PSA Airlines Inc.,-2.4492935982947064e-16,1.0,0.72479278722912,0.6889669190756866
BDL,84.0,48.0,196.0,2021,0,Summer,Evening,Evening,4.7,10.6,61.2,0.2,0.2,0.0,1.0,51,11.1,18.2,16.2,40.7,0.0,0.0,0.0,0.0,3,12.2,Republic Airline,1.2246467991473532e-16,-1.0,0.72479278722912,0.6889669190756866
SAN,304.0,277.0,2370.0,2020,1,Fall,Evening,Morning,-21.3,5.4,22.7,1.8,0.1,1.19,18.0,71,2.8000000000000007,15.7,12.2,24.1,0.0,0.0,0.0,0.0,3,8.1,American Airlines Inc.,-0.5000000000000004,0.8660254037844384,0.9377521321470804,0.3473052528448203
MCO,147.0,115.0,861.0,2022,0,Summer,Night,Night,3.3,7.6,31.0,0.5,0.5,0.0,5.0,51,8.7,26.4,14.2,31.3,19.7,19.7,0.0,13.0,63,6.200000000000003,Frontier Airlines Inc.,-0.8660254037844384,-0.5000000000000004,0.20129852008866006,0.9795299412524945
DEN,211.0,180.0,1558.0,2023,0,Winter,Afternoon,Morning,-10.2,10.0,54.4,0.5,0.1,0.28,5.0,71,10.6,3.2,15.4,24.1,0.0,0.0,0.0,0.0,3,13.200000000000001,United Air Lines Inc.,-2.4492935982947064e-16,1.0,0.0,1.0
BOS,97.0,81.0,280.0,2024,0,Winter,Night,Evening,-21.7,9.3,34.6,0.2,0.0,0.14,2.0,71,14.6,-0.1,18.4,33.1,0.0,0.0,0.0,0.0,3,12.0,Republic Airline,0.8660254037844386,0.5000000000000001,0.5712682150947923,0.8207634412072763
BNA,131.0,91.0,675.0,2022,0,Summer,Afternoon,Morning,7.8,8.2,39.2,1.1,1.1,0.0,4.0,53,9.0,25.1,15.6,34.9,24.9,24.9,0.0,13.0,65,9.399999999999999,Frontier Airlines Inc.,-0.8660254037844384,-0.5000000000000004,0.0,1.0
LAX,309.0,295.0,2402.0,2021,0,Summer,Night,Afternoon,4.7,6.5,39.2,3.9,3.9,0.0,6.0,61,11.8,16.4,24.9,45.0,0.0,0.0,0.0,0.0,3,3.799999999999999,American Airlines Inc.,1.2246467991473532e-16,-1.0,0.39435585511331855,0.9189578116202306
LAS,295.0,255.0,2176.0,2022,0,Summer,Afternoon,Morning,7.4,11.0,41.8,4.4,4.4,0.0,8.0,55,7.8,36.2,23.1,37.4,0.0,0.0,0.0,0.0,0,15.3,Spirit Air Lines,-0.4999999999999998,-0.8660254037844388,0.0,1.0
SLC,255.0,226.0,1927.0,2024,0,Spring,Afternoon,Morning,-14.6,13.1,58.7,1.4,0.0,0.98,6.0,73,15.899999999999999,2.5,20.1,36.4,12.3,5.9,4.48,20.0,75,8.3,Delta Air Lines Inc.,1.0,6.123233995736766e-17,0.39435585511331855,0.9189578116202306
TPA,145.0,119.0,920.0,2020,0,Spring,Morning,Morning,-10.4,8.3,32.8,0.0,0.0,0.0,0.0,3,17.3,23.6,15.7,31.0,0.9,0.9,0.0,6.0,51,8.600000000000001,Southwest Airlines Co.,1.0,6.123233995736766e-17,0.20129852008866006,0.9795299412524945
STL,125.0,98.0,814.0,2022,1,Fall,Afternoon,Morning,-10.9,12.5,90.4,0.0,0.0,0.0,0.0,3,10.3,4.3,14.2,26.6,0.0,0.0,0.0,0.0,3,13.5,Southwest Airlines Co.,-0.5000000000000004,0.8660254037844384,0.8486442574947509,0.5289640103269624
SJU,240.0,210.0,1576.0,2024,0,Winter,Afternoon,Morning,-14.1,13.1,60.1,0.0,0.0,0.0,0.0,3,14.899999999999999,25.5,27.0,36.0,0.1,0.1,0.0,1.0,51,1.5,Frontier Airlines Inc.,0.8660254037844386,0.5000000000000001,0.0,1.0
DEN,205.0,170.0,1558.0,2022,0,Spring,Night,Evening,-10.1,8.9,33.1,1.0,0.0,0.7,5.0,73,13.9,4.1,29.7,51.5,0.5,0.0,0.35,5.0,71,13.9,United Air Lines Inc.,1.0,6.123233995736766e-17,0.0,1.0
CLT,98.0,68.0,449.0,2020,0,Winter,Afternoon,Morning,-15.2,8.8,23.4,0.0,0.0,0.0,0.0,0,16.3,6.5,16.4,32.4,8.3,7.2,0.77,11.0,73,7.200000000000001,American Airlines Inc.,0.8660254037844386,0.5000000000000001,0.5712682150947923,0.8207634412072763
MDW,115.0,88.0,668.0,2022,0,Fall,Morning,Morning,5.2,9.2,33.5,0.0,0.0,0.0,0.0,1,12.4,18.3,16.4,31.0,0.0,0.0,0.0,0.0,3,13.5,Frontier Airlines Inc.,-1.0,-1.8369701987210297e-16,0.39435585511331855,0.9189578116202306
CLT,104.0,67.0,449.0,2020,0,Spring,Morning,Morning,-13.2,7.6,39.2,5.3,0.0,3.78,20.0,73,9.799999999999999,15.3,11.6,24.1,0.1,0.1,0.0,1.0,51,14.399999999999999,American Airlines Inc.,1.0,6.123233995736766e-17,0.5712682150947923,0.8207634412072763
SAN,319.0,290.0,2370.0,2024,0,Spring,Afternoon,Morning,2.0,8.2,37.4,0.0,0.0,0.0,0.0,0,13.5,15.8,21.3,39.6,0.0,0.0,0.0,0.0,0,8.700000000000001,American Airlines Inc.,0.49999999999999994,-0.8660254037844387,0.20129852008866006,0.9795299412524945
MEM,147.0,96.0,875.0,2025,0,Winter,Morning,Morning,-17.0,11.0,25.9,0.0,0.0,0.0,0.0,3,14.6,-5.3,14.8,36.7,0.1,0.0,0.07,1.0,71,3.3999999999999995,PSA Airlines Inc.,0.49999999999999994,0.8660254037844387,0.20129852008866006,0.9795299412524945
BTV,85.0,66.0,335.0,2023,0,Summer,Morning,Morning,5.4,12.6,42.8,5.0,4.9,0.07,6.0,71,9.8,19.4,18.9,40.3,2.1,2.1,0.0,4.0,53,4.5,PSA Airlines Inc.,-0.8660254037844384,-0.5000000000000004,0.0,1.0
MIA,172.0,119.0,1013.0,2025,1,Winter,Morning,Morning,-18.4,9.3,20.5,0.0,0.0,0.0,0.0,0,15.399999999999999,23.3,14.1,34.9,3.0,3.0,0.0,6.0,53,6.300000000000001,American Airlines Inc.,0.8660254037844386,0.5000000000000001,0.9377521321470804,0.3473052528448203
DCA,63.0,35.0,119.0,2023,1,Fall,Morning,Morning,-6.1,11.0,32.0,0.0,0.0,0.0,0.0,3,16.3,14.3,30.1,58.7,0.4,0.4,0.0,2.0,51,8.1,Republic Airline,-0.8660254037844386,0.5000000000000001,0.8486442574947509,0.5289640103269624
MKE,122.0,95.0,690.0,2024,0,Summer,Evening,Afternoon,9.9,10.0,31.3,0.9,0.9,0.0,8.0,51,8.3,23.0,21.0,36.7,10.7,10.7,0.0,9.0,63,5.100000000000001,PSA Airlines Inc.,-0.8660254037844384,-0.5000000000000004,0.72479278722912,0.6889669190756866
DCA,65.0,38.0,119.0,2024,1,Fall,Evening,Afternoon,-4.6,9.5,27.4,0.8,0.0,0.56,2.0,73,6.8,15.5,20.3,41.8,0.0,0.0,0.0,0.0,3,5.800000000000001,Republic Airline,-0.8660254037844386,0.5000000000000001,0.8486442574947509,0.5289640103269624
MCO,150.0,118.0,861.0,2023,0,Summer,Night,Night,9.7,10.8,37.1,2.8,2.8,0.0,9.0,53,8.100000000000001,28.2,15.6,32.0,0.2,0.2,0.0,2.0,51,8.5,Frontier Airlines Inc.,-0.8660254037844384,-0.5000000000000004,0.20129852008866006,0.9795299412524945
DEN,216.0,174.0,1558.0,2021,0,Spring,Evening,Afternoon,-4.5,8.5,33.8,0.0,0.0,0.0,0.0,1,11.5,17.7,27.3,50.0,0.0,0.0,0.0,0.0,3,13.299999999999999,American Airlines Inc.,0.8660254037844387,-0.49999999999999983,0.0,1.0
AVL,113.0,87.0,504.0,2022,0,Summer,Evening,Evening,7.6,8.7,32.4,4.1,4.1,0.0,10.0,61,8.5,22.7,7.8,27.4,4.5,4.5,0.0,5.0,61,10.5,PSA Airlines Inc.,-0.8660254037844384,-0.5000000000000004,0.0,1.0
ATL,131.0,96.0,666.0,2021,0,Summer,Evening,Afternoon,8.1,10.4,60.8,0.0,0.0,0.0,0.0,3,11.7,28.3,16.0,28.8,0.0,0.0,0.0,0.0,3,11.5,Delta Air Lines Inc.,-0.4999999999999998,-0.8660254037844388,0.72479278722912,0.6889669190756866
SAN,302.0,282.0,2370.0,2024,0,Fall,Evening,Morning,-11.8,10.4,33.5,1.2,0.0,0.84,4.0,73,11.9,14.1,12.3,32.4,0.0,0.0,0.0,0.0,3,15.200000000000001,American Airlines Inc.,-0.5000000000000004,0.8660254037844384,0.5712682150947923,0.8207634412072763
MDW,110.0,85.0,668.0,2025,0,Winter,Night,Evening,-18.0,9.2,44.6,0.0,0.0,0.0,0.0,2,14.2,-13.6,28.2,42.8,0.7,0.0,0.49,5.0,71,13.9,Southwest Airlines Co.,0.49999999999999994,0.8660254037844387,0.39435585511331855,0.9189578116202306
IAH,193.0,153.0,1325.0,2020,1,Winter,Night,Evening,-16.4,8.8,37.4,0.0,0.0,0.0,0.0,3,16.4,11.7,22.2,43.6,0.0,0.0,0.0,0.0,3,11.0,United Air Lines Inc.,0.49999999999999994,0.8660254037844387,0.9377521321470804,0.3473052528448203
IND,112.0,91.0,588.0,2022,0,Fall,Morning,Morning,-12.6,11.5,50.4,0.0,0.0,0.0,0.0,3,16.4,6.8,12.8,29.2,0.0,0.0,0.0,0.0,3,10.7,Republic Airline,-0.8660254037844386,0.5000000000000001,0.5712682150947923,0.8207634412072763
MCO,163.0,112.0,861.0,2025,0,Spring,Evening,Afternoon,-9.8,8.7,27.7,0.0,0.0,0.0,0.0,3,12.499999999999998,23.9,20.7,41.8,0.0,0.0,0.0,0.0,3,11.900000000000002,Frontier Airlines Inc.,0.8660254037844387,-0.49999999999999983,0.20129852008866006,0.9795299412524945
MCO,156.0,116.0,861.0,2023,0,Fall,Evening,Afternoon,-7.7,9.1,26.3,0.0,0.0,0.0,0.0,3,11.1,18.8,21.2,39.6,13.4,13.4,0.0,3.0,65,8.5,Frontier Airlines Inc.,-0.5000000000000004,0.8660254037844384,0.0,1.0
MCI,153.0,131.0,1038.0,2022,0,Fall,Morning,Morning,-6.3,5.9,43.6,24.9,0.0,17.5,24.0,75,0.7999999999999998,19.2,14.3,30.2,0.0,0.0,0.0,0.0,2,12.9,American Airlines Inc.,-0.8660254037844386,0.5000000000000001,0.5712682150947923,0.8207634412072763
ORD,124.0,87.0,678.0,2022,0,Winter,Afternoon,Morning,-10.9,8.0,59.4,0.0,0.0,0.0,0.0,2,9.299999999999999,3.5,23.9,45.0,16.4,16.4,0.0,18.0,63,6.0,United Air Lines Inc.,-2.4492935982947064e-16,1.0,0.39435585511331855,0.9189578116202306
ATL,115.0,85.0,666.0,2024,0,Spring,Night,Evening,-5.6,9.0,33.8,0.3,0.0,0.21,2.0,71,13.8,10.4,31.6,56.9,0.0,0.0,0.0,0.0,3,11.099999999999998,Southwest Airlines Co.,1.0,6.123233995736766e-17,0.0,1.0
DEN,212.0,176.0,1558.0,2024,1,Winter,Evening,Afternoon,-19.4,11.4,55.8,0.0,0.0,0.0,0.0,1,15.500000000000002,6.4,14.5,25.2,0.0,0.0,0.0,0.0,3,13.399999999999999,American Airlines Inc.,-2.4492935982947064e-16,1.0,0.9377521321470804,0.3473052528448203
ORD,121.0,92.0,678.0,2020,0,Summer,Morning,Morning,10.7,11.2,44.6,0.1,0.1,0.0,1.0,51,10.5,23.0,11.9,25.2,0.0,0.0,0.0,0.0,3,8.8,American Airlines Inc.,-0.8660254037844384,-0.5000000000000004,0.0,1.0
ATL,115.0,92.0,666.0,2020,0,Spring,Morning,Morning,-15.9,6.5,38.2,4.5,0.0,3.15,9.0,75,6.800000000000001,10.9,21.3,39.6,0.0,0.0,0.0,0.0,3,13.3,Delta Air Lines Inc.,1.0,6.123233995736766e-17,0.0,1.0
BOS,97.0,75.0,280.0,2025,0,Spring,Evening,Afternoon,1.5,10.8,35.3,1.2,1.1,0.07,8.0,71,7.699999999999999,15.6,15.5,35.3,3.3,3.3,0.0,7.0,53,5.6,Republic Airline,0.49999999999999994,-0.8660254037844387,0.5712682150947923,0.8207634412072763
CLT,97.0,67.0,449.0,2023,1,Winter,Evening,Evening,-14.2,8.8,23.4,0.0,0.0,0.0,0.0,3,9.5,7.3,10.2,17.6,0.0,0.0,0.0,0.0,2,14.299999999999999,American Airlines Inc.,-2.4492935982947064e-16,1.0,0.8486442574947509,0.5289640103269624
MIA,172.0,128.0,1013.0,2022,0,Summer,Night,Evening,5.3,9.4,34.9,6.2,6.2,0.0,10.0,63,7.0,27.6,13.5,27.7,1.8,1.8,0.0,4.0,55,7.400000000000002,American Airlines Inc.,-0.8660254037844384,-0.5000000000000004,0.39435585511331855,0.9189578116202306
ORD,124.0,88.0,678.0,2021,1,Fall,Afternoon,Morning,-16.2,10.5,35.6,0.0,0.0,0.0,0.0,3,11.3,5.3,27.2,51.8,0.7,0.7,0.0,2.0,53,10.6,United Air Lines Inc.,-0.5000000000000004,0.8660254037844384,0.9377521321470804,0.3473052528448203
IAH,190.0,161.0,1325.0,2021,0,Winter,Night,Evening,-14.6,9.0,37.8,0.0,0.0,0.0,0.0,3,17.9,8.7,9.8,19.8,0.0,0.0,0.0,0.0,0,11.3,United Air Lines Inc.,-2.4492935982947064e-16,1.0,0.20129852008866006,0.9795299412524945
PIT,73.0,45.0,268.0,2024,0,Spring,Afternoon,Afternoon,-3.0,11.2,35.3,0.0,0.0,0.0,0.0,3,18.2,12.5,15.8,37.8,0.5,0.5,0.0,3.0,51,15.899999999999999,Republic Airline,0.8660254037844387,-0.49999999999999983,0.0,1.0
TPA,156.0,153.0,920.0,2025,0,Spring,Evening,Evening,-3.0,5.4,23.8,7.3,0.3,4.9,7.0,75,7.8999999999999995,24.9,12.5,31.7,0.1,0.1,0.0,1.0,51,8.600000000000001,American Airlines Inc.,0.49999999999999994,-0.8660254037844387,0.39435585511331855,0.9189578116202306
PHX,261.0,235.0,2075.0,2020,0,Winter,Morning,Night,-20.6,8.3,39.2,0.0,0.0,0.0,0.0,3,10.799999999999999,10.7,16.3,24.5,0.0,0.0,0.0,0.0,3,16.1,American Airlines Inc.,0.49999999999999994,0.8660254037844387,0.39435585511331855,0.9189578116202306
SEA,308.0,290.0,2378.0,2022,0,Fall,Afternoon,Morning,-6.7,10.2,60.5,0.0,0.0,0.0,0.0,3,10.0,12.1,10.0,24.5,0.0,0.0,0.0,0.0,3,7.600000000000001,Alaska Airlines Inc.,-0.8660254037844386,0.5000000000000001,0.5712682150947923,0.8207634412072763
RSW,159.0,126.0,993.0,2021,1,Winter,Evening,Evening,-13.6,9.3,46.8,0.0,0.0,0.0,0.0,0,8.5,21.8,22.2,45.4,1.2,1.2,0.0,5.0,53,5.699999999999999,Republic Airline,0.49999999999999994,0.8660254037844387,0.9377521321470804,0.3473052528448203
FLL,170.0,144.0,992.0,2022,0,Spring,Evening,Afternoon,-0.9,7.4,23.0,0.0,0.0,0.0,0.0,3,11.3,23.6,23.9,43.9,0.5,0.5,0.0,4.0,51,4.399999999999999,American Airlines Inc.,0.8660254037844387,-0.49999999999999983,0.20129852008866006,0.9795299412524945
MIA,172.0,142.0,1013.0,2025,0,Spring,Morning,Morning,-6.5,7.0,19.4,0.0,0.0,0.0,0.0,3,10.9,25.9,21.1,49.7,0.9,0.9,0.0,5.0,51,4.599999999999998,American Airlines Inc.,0.8660254037844387,-0.49999999999999983,0.72479278722912,0.6889669190756866
FLL,168.0,134.0,992.0,2022,0,Fall,Morning,Morning,-9.5,10.0,31.0,0.0,0.0,0.0,0.0,3,19.3,24.9,12.6,27.7,23.6,23.6,0.0,11.0,63,4.899999999999999,American Airlines Inc.,-0.8660254037844386,0.5000000000000001,0.5712682150947923,0.8207634412072763
SDF,114.0,86.0,576.0,2024,0,Summer,Morning,Morning,6.2,8.7,28.1,3.1,3.1,0.0,5.0,61,10.1,18.4,14.2,31.0,0.0,0.0,0.0,0.0,3,11.799999999999999,PSA Airlines Inc.,-0.8660254037844384,-0.5000000000000004,0.39435585511331855,0.9189578116202306
JAX,122.0,100.0,742.0,2023,0,Winter,Evening,Afternoon,-19.8,8.0,36.4,0.0,0.0,0.0,0.0,1,11.5,18.7,16.6,33.5,0.1,0.1,0.0,1.0,51,9.899999999999999,American Airlines Inc.,0.49999999999999994,0.8660254037844387,0.72479278722912,0.6889669190756866
CLT,97.0,70.0,449.0,2023,1,Fall,Evening,Afternoon,-7.8,11.1,33.5,0.1,0.0,0.07,1.0,71,13.3,16.7,19.3,34.6,0.0,0.0,0.0,0.0,3,8.5,American Airlines Inc.,-0.8660254037844386,0.5000000000000001,0.9377521321470804,0.3473052528448203
MIA,168.0,145.0,1013.0,2021,0,Fall,Night,Evening,5.6,9.5,34.2,0.0,0.0,0.0,0.0,0,14.2,25.9,15.0,29.9,17.1,17.1,0.0,10.0,65,7.100000000000001,Frontier Airlines Inc.,-1.0,-1.8369701987210297e-16,0.72479278722912,0.6889669190756866
RDU,85.0,52.0,337.0,2023,0,Summer,Night,Night,7.4,9.7,43.9,1.2,1.2,0.0,6.0,53,12.7,27.0,19.3,37.4,0.6,0.6,0.0,2.0,53,9.2,Frontier Airlines Inc.,-0.8660254037844384,-0.5000000000000004,0.20129852008866006,0.9795299412524945
PIT,81.0,48.0,268.0,2020,0,Winter,Evening,Evening,-17.8,10.4,74.2,0.0,0.0,0.0,0.0,0,13.2,0.7,15.8,39.6,0.0,0.0,0.0,0.0,3,9.7,PSA Airlines Inc.,0.8660254037844386,0.5000000000000001,0.39435585511331855,0.9189578116202306
PIT,91.0,45.0,268.0,2022,0,Summer,Evening,Evening,2.1,7.5,29.2,8.5,8.5,0.0,21.0,55,2.1,20.7,13.2,32.0,1.2,1.2,0.0,5.0,53,9.899999999999999,American Airlines Inc.,-0.8660254037844384,-0.5000000000000004,0.20129852008866006,0.9795299412524945
MCO,143.0,122.0,861.0,2020,1,Summer,Afternoon,Afternoon,9.7,11.1,42.5,0.0,0.0,0.0,0.0,3,13.2,27.0,12.0,29.9,4.5,4.5,0.0,6.0,61,6.800000000000001,American Airlines Inc.,-0.8660254037844384,-0.5000000000000004,0.9377521321470804,0.3473052528448203
MCO,149.0,112.0,861.0,2023,0,Fall,Night,Evening,3.2,9.5,32.4,1.0,1.0,0.0,7.0,51,6.5,25.6,16.4,34.6,1.3,1.3,0.0,3.0,55,7.300000000000001,American Airlines Inc.,-1.0,-1.8369701987210297e-16,0.20129852008866006,0.9795299412524945
BTV,90.0,60.0,335.0,2025,1,Spring,Evening,Afternoon,-3.0,8.0,33.1,30.6,1.0,20.72,24.0,75,1.9000000000000004,14.4,30.0,56.2,30.5,30.5,0.0,13.0,63,7.799999999999999,PSA Airlines Inc.,0.49999999999999994,-0.8660254037844387,0.8486442574947509,0.5289640103269624
PNS,151.0,119.0,935.0,2025,0,Summer,Morning,Morning,8.2,13.5,41.4,2.4,2.4,0.0,8.0,53,11.7,26.1,12.8,32.8,4.7,4.7,0.0,10.0,61,5.899999999999999,PSA Airlines Inc.,1.2246467991473532e-16,-1.0,0.5712682150947923,0.8207634412072763
TPA,148.0,108.0,920.0,2022,1,Winter,Evening,Afternoon,-15.5,9.7,43.2,0.0,0.0,0.0,0.0,3,16.799999999999997,17.1,24.2,44.6,6.8,6.8,0.0,11.0,63,5.600000000000001,American Airlines Inc.,0.8660254037844386,0.5000000000000001,0.9377521321470804,0.3473052528448203
LAX,321.0,299.0,2402.0,2021,0,Summer,Night,Afternoon,7.6,9.0,42.8,4.3,4.3,0.0,9.0,55,11.5,21.5,23.2,40.3,0.0,0.0,0.0,0.0,2,5.300000000000001,American Airlines Inc.,-0.4999999999999998,-0.8660254037844388,0.39435585511331855,0.9189578116202306
BOS,95.0,79.0,280.0,2024,1,Fall,Morning,Morning,-5.1,8.4,29.2,6.4,0.4,4.2,22.0,73,2.3,15.6,12.1,22.0,0.2,0.2,0.0,2.0,51,6.0,American Airlines Inc.,-1.0,-1.8369701987210297e-16,0.9377521321470804,0.3473052528448203
IND,110.0,84.0,588.0,2020,0,Winter,Evening,Afternoon,-17.8,8.8,43.6,1.3,0.0,0.91,7.0,73,6.0,4.2,19.5,37.1,7.5,7.3,0.14,24.0,71,4.2,PSA Airlines Inc.,0.49999999999999994,0.8660254037844387,0.72479278722912,0.6889669190756866
MIA,182.0,139.0,1013.0,2021,0,Spring,Evening,Afternoon,-10.7,6.3,29.5,0.7,0.0,0.49,6.0,71,7.6,21.6,29.5,55.1,0.2,0.2,0.0,2.0,51,4.699999999999999,Frontier Airlines Inc.,1.0,6.123233995736766e-17,0.39435585511331855,0.9189578116202306
PVD,78.0,59.0,237.0,2021,0,Fall,Morning,Morning,3.9,9.5,46.4,0.1,0.1,0.0,1.0,51,11.7,21.3,19.0,35.6,1.2,1.2,0.0,7.0,51,3.8999999999999986,PSA Airlines Inc.,-1.0,-1.8369701987210297e-16,0.39435585511331855,0.9189578116202306
ROC,86.0,58.0,257.0,2023,1,Winter,Morning,Morning,-17.5,7.8,24.8,0.0,0.0,0.0,0.0,3,11.599999999999998,1.6,17.1,34.9,1.6,1.6,0.0,8.0,51,9.600000000000001,PSA Airlines Inc.,0.49999999999999994,0.8660254037844387,0.9377521321470804,0.3473052528448203
DTW,93.0,67.0,453.0,2022,0,Fall,Night,Night,-10.9,8.8,27.0,0.0,0.0,0.0,0.0,3,10.8,16.1,23.2,46.8,0.0,0.0,0.0,0.0,3,9.399999999999999,Delta Air Lines Inc.,-0.5000000000000004,0.8660254037844384,0.72479278722912,0.6889669190756866
CLE,85.0,59.0,363.0,2023,1,Winter,Evening,Evening,-17.7,7.9,35.6,0.0,0.0,0.0,0.0,0,6.5,0.9,16.6,34.9,0.7,0.0,0.49,4.0,71,2.8,Republic Airline,0.49999999999999994,0.8660254037844387,0.8486442574947509,0.5289640103269624
MYR,102.0,80.0,473.0,2020,0,Winter,Afternoon,Afternoon,-6.7,9.7,47.9,0.0,0.0,0.0,0.0,3,13.1,10.4,25.5,50.0,1.9,1.9,0.0,5.0,53,9.799999999999999,PSA Airlines Inc.,0.8660254037844386,0.5000000000000001,0.5712682150947923,0.8207634412072763
ATL,118.0,91.0,666.0,2022,1,Fall,Evening,Afternoon,0.8,6.6,25.2,1.6,1.0,0.42,3.0,73,10.5,18.8,8.9,21.2,0.0,0.0,0.0,0.0,0,13.100000000000001,Spirit Air Lines,-1.0,-1.8369701987210297e-16,0.8486442574947509,0.5289640103269624
CLT,96.0,68.0,449.0,2022,1,Summer,Evening,Afternoon,2.4,8.6,32.8,0.6,0.6,0.0,2.0,53,10.1,25.6,14.7,38.9,0.5,0.5,0.0,3.0,51,13.8,American Airlines Inc.,-0.8660254037844384,-0.5000000000000004,0.8486442574947509,0.5289640103269624
MCO,151.0,134.0,861.0,2021,1,Summer,Afternoon,Morning,5.8,11.0,58.3,0.0,0.0,0.0,0.0,3,11.299999999999999,24.5,15.4,32.4,10.9,10.9,0.0,9.0,63,4.699999999999999,Frontier Airlines Inc.,1.2246467991473532e-16,-1.0,0.8486442574947509,0.5289640103269624
ORD,113.0,82.0,678.0,2023,0,Spring,Morning,Morning,-1.5,9.1,54.0,0.0,0.0,0.0,0.0,3,11.100000000000001,5.2,16.8,37.1,5.9,4.6,0.91,8.0,73,6.0,American Airlines Inc.,0.8660254037844387,-0.49999999999999983,0.20129852008866006,0.9795299412524945
CHS,107.0,81.0,550.0,2023,0,Fall,Evening,Evening,-7.9,9.4,25.2,0.3,0.0,0.21,3.0,71,12.5,15.8,10.5,20.5,0.0,0.0,0.0,0.0,3,11.3,American Airlines Inc.,-0.8660254037844386,0.5000000000000001,0.5712682150947923,0.8207634412072763
MSP,164.0,116.0,980.0,2021,0,Spring,Morning,Morning,-11.1,7.6,41.0,0.1,0.0,0.07,1.0,71,9.8,4.4,27.0,58.7,1.2,1.2,0.0,5.0,53,7.7,Endeavor Air Inc.,1.0,6.123233995736766e-17,0.5712682150947923,0.8207634412072763
DCA,67.0,25.0,119.0,2022,0,Spring,Morning,Morning,-0.0,8.1,36.7,26.3,9.9,11.48,21.0,75,5.6,23.9,17.2,36.4,0.0,0.0,0.0,0.0,3,16.200000000000003,Republic Airline,0.49999999999999994,-0.8660254037844387,0.72479278722912,0.6889669190756866
ATL,120.0,93.0,666.0,2021,0,Summer,Evening,Afternoon,5.2,9.1,50.8,4.3,3.8,0.35,6.0,73,9.0,23.0,13.8,29.9,5.7,5.7,0.0,11.0,61,7.5,Spirit Air Lines,-0.4999999999999998,-0.8660254037844388,0.20129852008866006,0.9795299412524945
BOS,91.0,65.0,280.0,2023,0,Fall,Morning,Morning,-7.7,9.1,26.3,0.0,0.0,0.0,0.0,3,11.1,7.9,36.7,64.8,7.7,7.7,0.0,7.0,63,9.100000000000001,JetBlue Airways,-0.5000000000000004,0.8660254037844384,0.0,1.0
BOS,96.0,60.0,280.0,2021,0,Fall,Morning,Morning,5.7,9.6,38.2,1.3,1.3,0.0,4.0,53,11.6,17.6,15.9,31.7,0.1,0.1,0.0,1.0,51,9.2,American Airlines Inc.,-1.0,-1.8369701987210297e-16,0.72479278722912,0.6889669190756866
MSP,156.0,110.0,980.0,2021,0,Winter,Evening,Afternoon,-14.8,6.6,25.2,0.8,0.0,0.56,6.0,71,8.600000000000001,0.7,18.4,39.2,0.0,0.0,0.0,0.0,3,5.3,PSA Airlines Inc.,-2.4492935982947064e-16,1.0,0.20129852008866006,0.9795299412524945
MEM,151.0,124.0,875.0,2020,0,Spring,Afternoon,Afternoon,-0.7,7.9,37.8,0.0,0.0,0.0,0.0,2,14.7,19.7,9.8,18.4,0.0,0.0,0.0,0.0,3,11.899999999999999,PSA Airlines Inc.,0.49999999999999994,-0.8660254037844387,0.5712682150947923,0.8207634412072763
CLE,84.0,65.0,363.0,2024,1,Fall,Evening,Afternoon,5.9,10.9,35.6,0.1,0.1,0.0,1.0,51,10.6,22.8,17.2,33.8,0.7,0.7,0.0,2.0,53,6.0,American Airlines Inc.,-1.0,-1.8369701987210297e-16,0.8486442574947509,0.5289640103269624
SJU,247.0,212.0,1576.0,2024,0,Spring,Night,Evening,-16.6,11.3,35.6,0.0,0.0,0.0,0.0,3,19.0,26.2,24.2,31.7,0.7,0.7,0.0,6.0,51,3.700000000000003,Frontier Airlines Inc.,1.0,6.123233995736766e-17,0.72479278722912,0.6889669190756866
ORD,124.0,85.0,678.0,2020,0,Spring,Evening,Afternoon,-3.3,7.0,31.7,3.3,1.0,1.61,17.0,73,3.8000000000000003,6.5,16.5,34.9,0.6,0.6,0.0,5.0,51,4.999999999999999,American Airlines Inc.,0.8660254037844387,-0.49999999999999983,0.72479278722912,0.6889669190756866
CVG,103.0,89.0,507.0,2023,1,Fall,Afternoon,Morning,-1.6,12.5,46.8,0.0,0.0,0.0,0.0,1,15.299999999999999,19.2,14.0,33.5,0.0,0.0,0.0,0.0,2,11.400000000000002,American Airlines Inc.,-1.0,-1.8369701987210297e-16,0.8486442574947509,0.5289640103269624
SFO,321.0,287.0,2521.0,2022,0,Fall,Morning,Night,-9.5,10.0,31.0,0.0,0.0,0.0,0.0,3,19.3,13.3,19.8,37.8,0.0,0.0,0.0,0.0,3,3.5999999999999996,United Air Lines Inc.,-0.8660254037844386,0.5000000000000001,0.5712682150947923,0.8207634412072763
DEN,218.0,193.0,1558.0,2023,1,Fall,Afternoon,Morning,-5.6,9.1,23.8,0.0,0.0,0.0,0.0,1,16.9,21.8,30.5,53.6,0.0,0.0,0.0,0.0,3,13.500000000000002,Frontier Airlines Inc.,-0.8660254037844386,0.5000000000000001,0.9377521321470804,0.3473052528448203
BOS,94.0,58.0,280.0,2024,1,Summer,Evening,Evening,1.4,9.8,33.8,5.5,3.0,1.75,10.0,75,10.8,20.0,26.9,54.0,0.1,0.1,0.0,1.0,51,9.7,American Airlines Inc.,1.2246467991473532e-16,-1.0,0.8486442574947509,0.5289640103269624
LAS,290.0,253.0,2176.0,2024,0,Fall,Evening,Morning,-5.5,11.0,52.6,0.0,0.0,0.0,0.0,1,9.2,22.5,11.4,16.6,0.0,0.0,0.0,0.0,3,12.5,American Airlines Inc.,-0.8660254037844386,0.5000000000000001,0.5712682150947923,0.8207634412072763
PHX,271.0,221.0,2075.0,2024,1,Fall,Evening,Morning,-16.2,10.7,35.6,2.8,0.0,1.96,13.0,73,15.100000000000001,15.8,5.4,14.0,0.0,0.0,0.0,0.0,3,14.599999999999998,American Airlines Inc.,-0.5000000000000004,0.8660254037844384,0.9377521321470804,0.3473052528448203
CHS,110.0,69.0,550.0,2022,1,Spring,Morning,Morning,-10.9,9.3,28.8,2.5,0.0,1.75,6.0,75,15.7,16.4,20.3,36.4,2.8,2.8,0.0,4.0,55,8.499999999999998,PSA Airlines Inc.,1.0,6.123233995736766e-17,0.9377521321470804,0.3473052528448203
ORD,116.0,89.0,678.0,2024,0,Spring,Morning,Morning,-4.6,10.7,37.4,0.1,0.0,0.07,1.0,71,11.3,17.5,22.8,42.5,12.3,12.3,0.0,9.0,63,7.9,American Airlines Inc.,0.49999999999999994,-0.8660254037844387,0.72479278722912,0.6889669190756866
SEA,310.0,266.0,2378.0,2023,0,Spring,Morning,Night,-7.0,8.4,27.4,0.3,0.0,0.21,3.0,71,14.100000000000001,11.4,14.9,27.0,0.0,0.0,0.0,0.0,3,8.3,Alaska Airlines Inc.,0.49999999999999994,-0.8660254037844387,0.20129852008866006,0.9795299412524945
TPA,157.0,119.0,920.0,2023,1,Spring,Evening,Evening,0.8,11.5,51.5,0.0,0.0,0.0,0.0,3,10.9,22.6,19.1,37.8,0.1,0.1,0.0,1.0,51,11.200000000000003,American Airlines Inc.,0.49999999999999994,-0.8660254037844387,0.9377521321470804,0.3473052528448203
MSP,151.0,120.0,980.0,2021,1,Fall,Morning,Morning,-4.0,6.2,20.9,0.0,0.0,0.0,0.0,3,12.799999999999999,10.7,13.4,25.2,0.0,0.0,0.0,0.0,2,12.7,Delta Air Lines Inc.,-0.8660254037844386,0.5000000000000001,0.9377521321470804,0.3473052528448203
LAX,300.0,268.0,2402.0,2023,0,Winter,Afternoon,Morning,-17.8,7.0,28.4,3.1,0.0,2.17,17.0,73,5.099999999999998,10.5,20.7,43.2,0.5,0.5,0.0,1.0,53,9.0,Spirit Air Lines,0.8660254037844386,0.5000000000000001,0.0,1.0
RDU,88.0,56.0,337.0,2023,0,Fall,Morning,Morning,-3.5,6.8,19.4,0.3,0.0,0.21,2.0,71,11.1,17.3,13.5,24.5,0.0,0.0,0.0,0.0,1,12.8,American Airlines Inc.,-0.5000000000000004,0.8660254037844384,0.39435585511331855,0.9189578116202306
CLT,98.0,85.0,449.0,2023,1,Spring,Morning,Morning,0.3,9.4,47.9,0.3,0.2,0.07,1.0,71,10.4,23.0,18.4,36.4,1.7,1.7,0.0,8.0,51,9.2,American Airlines Inc.,0.49999999999999994,-0.8660254037844387,0.9377521321470804,0.3473052528448203
ATL,120.0,89.0,666.0,2025,0,Spring,Morning,Morning,-6.6,10.4,32.0,0.0,0.0,0.0,0.0,3,17.0,23.5,21.3,49.0,2.1,2.1,0.0,7.0,55,11.3,Southwest Airlines Co.,0.8660254037844387,-0.49999999999999983,0.5712682150947923,0.8207634412072763
BNA,125.0,90.0,675.0,2023,0,Fall,Evening,Afternoon,-2.5,8.8,30.6,0.0,0.0,0.0,0.0,3,11.2,11.9,17.7,36.4,10.4,10.4,0.0,15.0,63,16.2,Spirit Air Lines,-0.8660254037844386,0.5000000000000001,0.0,1.0
MCO,145.0,119.0,861.0,2022,0,Summer,Night,Night,4.2,9.0,47.5,11.3,10.5,0.56,14.0,73,12.2,27.3,9.6,26.6,5.2,5.2,0.0,3.0,63,9.399999999999999,Frontier Airlines Inc.,1.2246467991473532e-16,-1.0,0.0,1.0
LAS,277.0,240.0,2176.0,2021,0,Winter,Afternoon,Morning,-18.3,8.8,34.6,0.0,0.0,0.0,0.0,3,14.8,7.1,24.8,39.2,4.2,4.2,0.0,7.0,61,9.6,American Airlines Inc.,0.49999999999999994,0.8660254037844387,0.0,1.0
FLL,153.0,124.0,992.0,2020,0,Winter,Night,Evening,-17.8,11.1,32.8,0.1,0.0,0.07,1.0,71,12.3,21.8,29.1,73.1,22.2,22.2,0.0,16.0,63,6.0,JetBlue Airways,-2.4492935982947064e-16,1.0,0.0,1.0
CVG,103.0,64.0,507.0,2020,0,Winter,Morning,Morning,-15.2,8.8,23.4,0.0,0.0,0.0,0.0,0,16.3,-1.2,15.9,37.1,0.0,0.0,0.0,0.0,3,5.3,PSA Airlines Inc.,0.8660254037844386,0.5000000000000001,0.5712682150947923,0.8207634412072763
CLT,95.0,70.0,449.0,2022,1,Spring,Evening,Evening,-1.8,6.4,34.9,27.8,6.7,14.77,22.0,75,4.2,22.1,14.3,30.6,0.7,0.7,0.0,3.0,53,13.0,American Airlines Inc.,0.49999999999999994,-0.8660254037844387,0.9377521321470804,0.3473052528448203
SEA,310.0,269.0,2378.0,2021,0,Fall,Morning,Night,2.6,9.4,51.8,0.6,0.4,0.14,2.0,71,11.0,13.6,17.7,36.4,0.0,0.0,0.0,0.0,1,11.600000000000001,Alaska Airlines Inc.,-1.0,-1.8369701987210297e-16,0.39435585511331855,0.9189578116202306
FLL,170.0,134.0,992.0,2022,1,Summer,Night,Evening,1.3,8.6,32.8,8.0,5.8,1.54,17.0,73,5.800000000000001,26.1,14.0,28.1,18.8,18.8,0.0,12.0,63,6.100000000000001,Frontier Airlines Inc.,-0.8660254037844384,-0.5000000000000004,0.9377521321470804,0.3473052528448203
MCO,149.0,120.0,861.0,2025,0,Spring,Evening,Afternoon,-9.3,9.2,27.0,0.0,0.0,0.0,0.0,0,17.6,14.9,21.6,43.2,0.0,0.0,0.0,0.0,1,11.900000000000002,American Airlines Inc.,1.0,6.123233995736766e-17,0.72479278722912,0.6889669190756866
MCO,145.0,115.0,861.0,2022,0,Summer,Night,Night,11.0,12.2,64.1,0.0,0.0,0.0,0.0,2,11.2,26.2,13.6,30.2,14.1,14.1,0.0,11.0,63,7.199999999999999,Frontier Airlines Inc.,-0.4999999999999998,-0.8660254037844388,0.72479278722912,0.6889669190756866
BOS,98.0,61.0,280.0,2020,1,Winter,Morning,Morning,-23.2,8.0,24.5,0.0,0.0,0.0,0.0,0,12.700000000000003,-8.6,20.9,37.4,0.5,0.0,0.35,3.0,71,8.8,JetBlue Airways,0.49999999999999994,0.8660254037844387,0.8486442574947509,0.5289640103269624
MCO,145.0,124.0,861.0,2023,1,Fall,Afternoon,Morning,0.5,9.0,26.3,0.0,0.0,0.0,0.0,3,14.5,24.3,12.2,26.6,0.0,0.0,0.0,0.0,3,12.7,Southwest Airlines Co.,-1.0,-1.8369701987210297e-16,0.9377521321470804,0.3473052528448203
MCO,150.0,123.0,861.0,2022,0,Fall,Afternoon,Afternoon,3.1,8.6,35.3,0.0,0.0,0.0,0.0,3,8.8,27.1,13.4,27.7,16.6,16.6,0.0,8.0,65,9.000000000000004,American Airlines Inc.,-1.0,-1.8369701987210297e-16,0.0,1.0
ORD,115.0,90.0,678.0,2022,1,Fall,Evening,Evening,-17.4,9.1,32.0,0.0,0.0,0.0,0.0,3,12.899999999999999,1.0,18.1,36.7,0.2,0.1,0.07,2.0,71,3.5,American Airlines Inc.,-0.5000000000000004,0.8660254037844384,0.8486442574947509,0.5289640103269624
DFW,197.0,159.0,1303.0,2022,0,Summer,Evening,Afternoon,2.1,10.1,46.4,2.6,1.3,0.91,5.0,73,9.3,23.6,10.2,27.7,4.7,4.7,0.0,7.0,63,6.100000000000001,American Airlines Inc.,1.2246467991473532e-16,-1.0,0.72479278722912,0.6889669190756866
ORD,119.0,91.0,678.0,2021,1,Winter,Afternoon,Afternoon,-19.7,9.7,26.6,0.0,0.0,0.0,0.0,0,12.700000000000001,-2.8,9.9,21.2,0.0,0.0,0.0,0.0,3,2.4,American Airlines Inc.,0.49999999999999994,0.8660254037844387,0.9377521321470804,0.3473052528448203
BDL,75.0,46.0,196.0,2023,1,Winter,Afternoon,Afternoon,-27.3,9.2,24.1,0.0,0.0,0.0,0.0,0,10.599999999999998,0.7,26.0,57.6,0.0,0.0,0.0,0.0,3,6.0,PSA Airlines Inc.,0.49999999999999994,0.8660254037844387,0.9377521321470804,0.3473052528448203
LAX,310.0,261.0,2402.0,2024,0,Winter,Afternoon,Morning,-13.1,10.3,37.1,0.4,0.0,0.28,3.0,71,14.900000000000002,12.0,10.5,28.4,0.0,0.0,0.0,0.0,3,6.199999999999999,American Airlines Inc.,-2.4492935982947064e-16,1.0,0.0,1.0
PIT,72.0,43.0,268.0,2024,1,Summer,Evening,Evening,11.2,14.5,51.8,0.6,0.6,0.0,2.0,51,9.9,22.6,15.5,41.8,4.5,4.5,0.0,5.0,61,9.3,American Airlines Inc.,-0.8660254037844384,-0.5000000000000004,0.8486442574947509,0.5289640103269624
BNA,120.0,94.0,675.0,2022,0,Summer,Afternoon,Morning,5.3,7.8,30.6,1.4,1.4,0.0,6.0,53,11.6,23.7,18.2,39.6,48.1,48.1,0.0,16.0,65,12.100000000000001,Southwest Airlines Co.,1.2246467991473532e-16,-1.0,0.20129852008866006,0.9795299412524945
MCI,160.0,110.0,1038.0,2022,1,Winter,Night,Evening,-13.6,8.1,38.2,0.0,0.0,0.0,0.0,3,13.799999999999999,-4.4,6.9,19.1,0.0,0.0,0.0,0.0,3,14.2,PSA Airlines Inc.,0.8660254037844386,0.5000000000000001,0.8486442574947509,0.5289640103269624
RDU,91.0,63.0,337.0,2021,0,Spring,Morning,Morning,-11.1,6.2,33.5,1.9,0.0,1.33,10.0,73,7.6,6.7,8.8,21.2,0.0,0.0,0.0,0.0,3,14.5,Republic Airline,1.0,6.123233995736766e-17,0.39435585511331855,0.9189578116202306
DTW,97.0,71.0,453.0,2023,0,Fall,Evening,Afternoon,6.5,12.8,47.9,0.0,0.0,0.0,0.0,0,14.0,14.2,8.7,16.6,0.0,0.0,0.0,0.0,3,11.8,American Airlines Inc.,-1.0,-1.8369701987210297e-16,0.5712682150947923,0.8207634412072763
CVG,104.0,74.0,507.0,2024,0,Fall,Night,Evening,-12.1,12.1,34.6,0.2,0.0,0.14,2.0,71,17.3,12.7,18.5,38.5,0.2,0.2,0.0,1.0,51,9.7,Frontier Airlines Inc.,-0.5000000000000004,0.8660254037844384,0.0,1.0
PWM,98.0,81.0,364.0,2020,0,Summer,Afternoon,Afternoon,5.4,9.0,43.6,1.9,1.9,0.0,8.0,51,12.5,16.1,14.8,36.7,0.0,0.0,0.0,0.0,3,7.399999999999999,Republic Airline,-0.8660254037844384,-0.5000000000000004,0.5712682150947923,0.8207634412072763
SFO,318.0,274.0,2521.0,2023,0,Spring,Evening,Morning,-7.0,8.4,27.4,0.3,0.0,0.21,3.0,71,14.100000000000001,12.4,23.5,42.5,0.2,0.2,0.0,2.0,51,4.4,American Airlines Inc.,0.49999999999999994,-0.8660254037844387,0.20129852008866006,0.9795299412524945
CHS,113.0,83.0,550.0,2025,0,Spring,Afternoon,Afternoon,-4.6,9.5,31.0,0.0,0.0,0.0,0.0,3,19.8,22.0,12.8,29.2,1.9,1.9,0.0,7.0,53,8.7,American Airlines Inc.,0.8660254037844387,-0.49999999999999983,0.72479278722912,0.6889669190756866
BGR,115.0,84.0,473.0,2022,0,Fall,Afternoon,Afternoon,-11.0,10.3,31.0,0.0,0.0,0.0,0.0,3,18.2,10.1,12.4,24.1,0.0,0.0,0.0,0.0,3,17.200000000000003,PSA Airlines Inc.,-0.8660254037844386,0.5000000000000001,0.39435585511331855,0.9189578116202306
ORD,121.0,86.0,678.0,2022,0,Spring,Evening,Afternoon,1.1,9.7,40.7,0.0,0.0,0.0,0.0,3,17.4,15.8,20.4,45.0,16.5,16.5,0.0,12.0,65,14.799999999999999,American Airlines Inc.,0.49999999999999994,-0.8660254037844387,0.39435585511331855,0.9189578116202306
DTW,107.0,71.0,453.0,2023,1,Winter,Evening,Afternoon,-17.5,7.8,24.8,0.0,0.0,0.0,0.0,3,11.599999999999998,-0.7,14.7,30.2,2.6,2.5,0.07,7.0,71,6.699999999999999,Delta Air Lines Inc.,0.49999999999999994,0.8660254037844387,0.9377521321470804,0.3473052528448203
ILM,97.0,62.0,413.0,2024,1,Summer,Afternoon,Morning,6.7,9.5,31.7,2.4,2.4,0.0,3.0,61,14.8,24.2,13.0,30.2,2.0,2.0,0.0,8.0,53,8.400000000000002,PSA Airlines Inc.,-0.8660254037844384,-0.5000000000000004,0.9377521321470804,0.3473052528448203
LAX,312.0,293.0,2402.0,2023,0,Fall,Night,Afternoon,-6.1,10.9,28.1,1.6,0.9,0.49,10.0,71,14.899999999999999,16.1,23.0,38.2,0.0,0.0,0.0,0.0,0,8.5,American Airlines Inc.,-0.8660254037844386,0.5000000000000001,0.0,1.0
IAH,212.0,174.0,1325.0,2021,0,Fall,Afternoon,Morning,-5.7,7.2,41.0,0.0,0.0,0.0,0.0,3,4.2,22.9,9.7,19.8,0.0,0.0,0.0,0.0,3,11.299999999999997,Republic Airline,-0.8660254037844386,0.5000000000000001,0.20129852008866006,0.9795299412524945
ATL,115.0,93.0,666.0,2023,1,Spring,Evening,Evening,2.2,14.4,62.6,1.5,0.3,0.84,2.0,75,12.0,19.5,10.7,23.0,0.3,0.3,0.0,3.0,51,11.1,Southwest Airlines Co.,0.49999999999999994,-0.8660254037844387,0.8486442574947509,0.5289640103269624
SJU,262.0,228.0,1576.0,2022,0,Spring,Morning,Morning,-12.1,7.0,25.9,0.0,0.0,0.0,0.0,3,9.900000000000002,25.5,19.5,43.6,0.3,0.3,0.0,2.0,51,6.800000000000001,Frontier Airlines Inc.,1.0,6.123233995736766e-17,0.20129852008866006,0.9795299412524945
MYR,101.0,74.0,473.0,2021,0,Spring,Evening,Afternoon,-10.4,6.9,28.8,0.8,0.0,0.56,4.0,73,9.6,9.2,14.8,31.7,0.0,0.0,0.0,0.0,1,15.899999999999999,Spirit Air Lines,1.0,6.123233995736766e-17,0.20129852008866006,0.9795299412524945
MSP,160.0,137.0,980.0,2024,0,Summer,Evening,Afternoon,6.2,8.7,28.1,3.1,3.1,0.0,5.0,61,10.1,19.6,12.7,30.6,0.0,0.0,0.0,0.0,3,10.299999999999999,Delta Air Lines Inc.,-0.8660254037844384,-0.5000000000000004,0.39435585511331855,0.9189578116202306
CLT,98.0,70.0,449.0,2024,1,Winter,Afternoon,Afternoon,-11.8,10.2,33.1,0.1,0.0,0.07,1.0,71,13.0,6.9,23.6,49.0,0.0,0.0,0.0,0.0,3,8.100000000000001,American Airlines Inc.,0.49999999999999994,0.8660254037844387,0.9377521321470804,0.3473052528448203
CLT,108.0,64.0,449.0,2020,1,Spring,Evening,Afternoon,-3.5,8.7,47.2,23.4,0.0,16.38,18.0,75,7.299999999999999,22.4,10.7,26.6,0.0,0.0,0.0,0.0,3,15.899999999999999,American Airlines Inc.,0.49999999999999994,-0.8660254037844387,0.8486442574947509,0.5289640103269624
PBI,165.0,127.0,951.0,2023,0,Fall,Night,Evening,-6.5,10.4,23.0,0.0,0.0,0.0,0.0,3,12.0,23.3,27.3,47.5,1.5,1.5,0.0,8.0,51,7.300000000000001,Frontier Airlines Inc.,-0.5000000000000004,0.8660254037844384,0.72479278722912,0.6889669190756866
MCO,152.0,107.0,861.0,2022,0,Spring,Night,Night,-7.4,13.1,79.2,0.5,0.0,0.35,4.0,71,11.1,23.8,23.6,45.4,0.9,0.9,0.0,5.0,51,10.5,Frontier Airlines Inc.,1.0,6.123233995736766e-17,0.39435585511331855,0.9189578116202306
DCA,66.0,29.0,119.0,2021,1,Fall,Afternoon,Afternoon,-18.8,8.0,34.9,5.0,0.0,3.5,16.0,73,8.100000000000001,6.0,14.5,31.3,0.0,0.0,0.0,0.0,3,11.799999999999999,PSA Airlines Inc.,-0.5000000000000004,0.8660254037844384,0.8486442574947509,0.5289640103269624
ORD,110.0,84.0,678.0,2024,0,Winter,Morning,Morning,-15.9,11.5,32.0,0.1,0.0,0.07,1.0,71,16.799999999999997,15.4,21.9,43.6,0.0,0.0,0.0,0.0,3,10.9,American Airlines Inc.,0.8660254037844386,0.5000000000000001,0.20129852008866006,0.9795299412524945
PIT,74.0,47.0,268.0,2024,1,Fall,Morning,Morning,-16.2,10.7,35.6,2.8,0.0,1.96,13.0,73,15.100000000000001,5.6,17.2,37.1,0.0,0.0,0.0,0.0,3,4.0,American Airlines Inc.,-0.5000000000000004,0.8660254037844384,0.9377521321470804,0.3473052528448203
HVN,69.0,46.0,157.0,2021,0,Winter,Evening,Evening,-18.8,9.0,39.6,0.0,0.0,0.0,0.0,0,12.099999999999998,-1.7,10.8,22.3,0.0,0.0,0.0,0.0,3,6.6,Republic Airline,0.49999999999999994,0.8660254037844387,0.0,1.0
ORD,114.0,92.0,678.0,2020,1,Summer,Afternoon,Morning,7.5,9.9,41.8,0.2,0.2,0.0,2.0,51,8.600000000000001,22.3,12.3,33.8,4.6,4.6,0.0,11.0,61,8.8,Republic Airline,-0.8660254037844384,-0.5000000000000004,0.9377521321470804,0.3473052528448203
SJU,254.0,233.0,1576.0,2021,0,Spring,Afternoon,Morning,-11.7,4.6,22.0,0.7,0.0,0.56,6.0,71,5.200000000000001,25.1,25.6,57.6,0.2,0.2,0.0,2.0,51,4.399999999999999,Frontier Airlines Inc.,1.0,6.123233995736766e-17,0.72479278722912,0.6889669190756866
SFO,324.0,263.0,2521.0,2022,0,Fall,Morning,Night,1.0,8.0,28.8,1.0,1.0,0.0,5.0,51,12.3,16.2,21.0,38.5,0.0,0.0,0.0,0.0,3,8.100000000000001,United Air Lines Inc.,-1.0,-1.8369701987210297e-16,0.5712682150947923,0.8207634412072763
LAS,291.0,241.0,2176.0,2024,0,Summer,Evening,Morning,9.4,12.0,43.2,0.1,0.1,0.0,1.0,51,11.899999999999999,34.7,28.9,47.5,0.0,0.0,0.0,0.0,0,16.699999999999996,American Airlines Inc.,1.2246467991473532e-16,-1.0,0.72479278722912,0.6889669190756866
DTW,97.0,75.0,453.0,2020,1,Fall,Morning,Morning,-0.1,7.7,34.9,1.1,0.0,0.77,5.0,73,8.1,21.8,22.0,45.4,0.0,0.0,0.0,0.0,3,10.099999999999998,Endeavor Air Inc.,-1.0,-1.8369701987210297e-16,0.9377521321470804,0.3473052528448203
MSP,148.0,131.0,980.0,2020,0,Fall,Morning,Morning,-7.2,6.4,27.7,0.3,0.0,0.21,3.0,71,6.8999999999999995,4.6,23.2,58.0,2.2,1.0,0.84,5.0,73,5.800000000000001,Endeavor Air Inc.,-0.8660254037844386,0.5000000000000001,0.72479278722912,0.6889669190756866
SFO,317.0,263.0,2521.0,2022,1,Fall,Morning,Night,-7.3,9.1,28.1,4.9,0.0,3.43,7.0,73,14.7,13.2,20.2,35.3,1.0,1.0,0.0,5.0,53,3.5999999999999996,United Air Lines Inc.,-0.5000000000000004,0.8660254037844384,0.8486442574947509,0.5289640103269624
CHS,114.0,84.0,550.0,2021,0,Summer,Afternoon,Morning,6.4,8.4,34.2,5.5,5.5,0.0,9.0,55,8.700000000000001,26.7,16.3,32.8,0.1,0.1,0.0,1.0,51,8.0,PSA Airlines Inc.,-0.8660254037844384,-0.5000000000000004,0.5712682150947923,0.8207634412072763
BNA,128.0,91.0,675.0,2021,1,Fall,Evening,Afternoon,-8.9,7.1,34.2,1.5,0.0,1.12,9.0,73,4.5,21.5,8.4,22.7,0.0,0.0,0.0,0.0,3,11.3,Frontier Airlines Inc.,-0.8660254037844386,0.5000000000000001,0.8486442574947509,0.5289640103269624
PIT,67.0,49.0,268.0,2021,0,Summer,Afternoon,Afternoon,2.5,6.5,29.9,9.7,9.7,0.0,19.0,61,2.1,18.4,11.2,33.5,0.1,0.1,0.0,1.0,51,11.500000000000002,Republic Airline,-0.8660254037844384,-0.5000000000000004,0.0,1.0
CVG,100.0,72.0,507.0,2024,0,Fall,Night,Evening,1.5,9.7,32.4,2.3,1.2,0.77,7.0,73,7.5,22.9,15.9,36.4,0.0,0.0,0.0,0.0,3,12.3,Frontier Airlines Inc.,-1.0,-1.8369701987210297e-16,0.72479278722912,0.6889669190756866
IAH,204.0,167.0,1325.0,2023,1,Summer,Night,Evening,13.0,13.9,50.0,0.0,0.0,0.0,0.0,1,10.200000000000001,31.3,18.9,42.1,0.2,0.2,0.0,2.0,51,12.8,United Air Lines Inc.,-0.4999999999999998,-0.8660254037844388,0.8486442574947509,0.5289640103269624
MIA,176.0,136.0,1013.0,2022,0,Spring,Afternoon,Afternoon,4.0,10.1,45.0,0.5,0.5,0.0,3.0,51,16.7,25.9,17.2,34.9,2.7,2.7,0.0,4.0,55,11.099999999999998,Frontier Airlines Inc.,0.49999999999999994,-0.8660254037844387,0.72479278722912,0.6889669190756866
MIA,182.0,139.0,1013.0,2025,0,Spring,Night,Evening,-4.6,9.5,31.0,0.0,0.0,0.0,0.0,3,19.8,25.8,17.2,43.9,0.4,0.4,0.0,3.0,51,5.199999999999999,Spirit Air Lines,0.8660254037844387,-0.49999999999999983,0.72479278722912,0.6889669190756866
MIA,174.0,141.0,1013.0,2024,1,Summer,Night,Evening,4.3,9.2,27.7,8.6,8.6,0.0,10.0,61,9.1,26.4,16.7,31.0,18.3,18.3,0.0,13.0,63,4.899999999999999,American Airlines Inc.,1.2246467991473532e-16,-1.0,0.8486442574947509,0.5289640103269624
TPA,157.0,182.0,920.0,2021,0,Summer,Afternoon,Morning,5.5,11.1,73.1,0.0,0.0,0.0,0.0,1,6.3999999999999995,25.9,10.4,28.1,6.0,6.0,0.0,15.0,61,7.299999999999997,Frontier Airlines Inc.,1.2246467991473532e-16,-1.0,0.72479278722912,0.6889669190756866
ACK,90.0,58.0,289.0,2024,0,Summer,Evening,Afternoon,10.1,7.8,25.9,4.0,4.0,0.0,4.0,63,11.5,22.3,19.4,24.5,0.0,0.0,0.0,0.0,3,1.6000000000000014,Republic Airline,-0.4999999999999998,-0.8660254037844388,0.0,1.0
CLT,105.0,74.0,449.0,2021,0,Summer,Morning,Morning,13.2,7.5,30.6,0.0,0.0,0.0,0.0,1,10.5,26.9,12.3,30.2,6.1,6.1,0.0,8.0,63,9.299999999999997,American Airlines Inc.,-0.4999999999999998,-0.8660254037844388,0.0,1.0
PHX,287.0,243.0,2075.0,2020,1,Summer,Evening,Morning,3.2,12.8,72.7,0.0,0.0,0.0,0.0,3,8.2,29.9,24.0,39.2,0.0,0.0,0.0,0.0,3,17.900000000000002,American Airlines Inc.,1.2246467991473532e-16,-1.0,0.8486442574947509,0.5289640103269624
ATL,117.0,91.0,666.0,2022,0,Winter,Night,Night,-18.0,9.3,22.7,0.0,0.0,0.0,0.0,3,13.100000000000001,11.9,9.0,17.3,0.6,0.6,0.0,4.0,51,4.5,Delta Air Lines Inc.,-2.4492935982947064e-16,1.0,0.0,1.0
MSP,150.0,130.0,980.0,2024,0,Spring,Morning,Morning,6.7,12.7,40.0,0.9,0.9,0.0,5.0,51,13.3,16.1,26.2,61.9,14.5,14.5,0.0,8.0,63,8.9,American Airlines Inc.,0.49999999999999994,-0.8660254037844387,0.39435585511331855,0.9189578116202306
ATL,131.0,95.0,666.0,2021,1,Spring,Morning,Morning,1.9,8.9,44.6,0.0,0.0,0.0,0.0,3,10.6,19.2,27.2,49.0,0.0,0.0,0.0,0.0,3,14.400000000000002,Frontier Airlines Inc.,0.49999999999999994,-0.8660254037844387,0.9377521321470804,0.3473052528448203
SJU,250.0,227.0,1576.0,2024,0,Winter,Morning,Night,-21.1,9.4,40.3,0.0,0.0,0.0,0.0,3,17.5,24.7,16.0,22.7,6.9,6.9,0.0,12.0,63,2.099999999999998,Spirit Air Lines,0.8660254037844386,0.5000000000000001,0.72479278722912,0.6889669190756866
MCO,150.0,114.0,861.0,2024,0,Spring,Afternoon,Morning,-16.9,6.9,25.6,1.7,0.0,1.19,12.0,71,7.500000000000002,20.8,18.9,37.8,0.4,0.4,0.0,3.0,51,9.8,Frontier Airlines Inc.,1.0,6.123233995736766e-17,0.72479278722912,0.6889669190756866
CLE,92.0,50.0,363.0,2020,1,Winter,Morning,Morning,-23.2,8.0,24.5,0.0,0.0,0.0,0.0,0,12.700000000000003,-0.1,38.2,74.9,18.4,8.2,7.14,17.0,75,10.4,American Airlines Inc.,0.49999999999999994,0.8660254037844387,0.8486442574947509,0.5289640103269624
ORD,126.0,92.0,678.0,2023,0,Fall,Morning,Morning,-0.6,8.4,29.5,0.4,0.1,0.21,2.0,71,13.6,20.1,19.2,42.5,3.2,3.2,0.0,12.0,55,6.100000000000001,United Air Lines Inc.,-0.8660254037844386,0.5000000000000001,0.5712682150947923,0.8207634412072763
IAH,200.0,158.0,1325.0,2023,1,Fall,Evening,Afternoon,4.8,11.9,39.6,4.1,3.1,0.7,8.0,73,14.0,26.3,10.1,22.0,0.2,0.2,0.0,2.0,51,9.8,American Airlines Inc.,-1.0,-1.8369701987210297e-16,0.9377521321470804,0.3473052528448203
MHT,89.0,63.0,289.0,2021,0,Summer,Evening,Afternoon,8.1,10.4,60.8,0.0,0.0,0.0,0.0,3,11.7,19.6,22.1,52.6,5.9,5.9,0.0,10.0,61,7.300000000000001,PSA Airlines Inc.,-0.4999999999999998,-0.8660254037844388,0.72479278722912,0.6889669190756866
MCO,154.0,107.0,861.0,2023,0,Fall,Night,Evening,-12.0,11.9,58.0,0.0,0.0,0.0,0.0,3,10.9,16.8,14.8,29.2,0.1,0.1,0.0,1.0,51,8.6,Frontier Airlines Inc.,-0.5000000000000004,0.8660254037844384,0.5712682150947923,0.8207634412072763
FLL,172.0,132.0,992.0,2024,1,Spring,Night,Night,-7.1,13.7,61.9,3.3,0.1,2.24,10.0,75,9.799999999999999,20.7,16.2,33.1,0.0,0.0,0.0,0.0,3,7.600000000000001,Frontier Airlines Inc.,1.0,6.123233995736766e-17,0.8486442574947509,0.5289640103269624
MCO,146.0,122.0,861.0,2020,1,Fall,Evening,Afternoon,-1.6,7.8,43.2,0.0,0.0,0.0,0.0,0,16.7,25.2,26.2,49.0,31.7,31.7,0.0,24.0,63,1.9000000000000021,American Airlines Inc.,-1.0,-1.8369701987210297e-16,0.9377521321470804,0.3473052528448203
DFW,205.0,136.0,1303.0,2023,0,Fall,Afternoon,Morning,-3.6,17.8,84.2,0.7,0.0,0.49,3.0,73,12.899999999999999,8.3,20.4,34.6,0.0,0.0,0.0,0.0,3,12.100000000000001,American Airlines Inc.,-0.8660254037844386,0.5000000000000001,0.20129852008866006,0.9795299412524945
RDU,88.0,59.0,337.0,2024,1,Fall,Evening,Afternoon,-0.7,10.2,34.6,1.3,0.6,0.49,10.0,71,5.199999999999999,21.5,13.1,31.0,0.0,0.0,0.0,0.0,3,9.700000000000003,Frontier Airlines Inc.,-0.8660254037844386,0.5000000000000001,0.8486442574947509,0.5289640103269624
CVG,102.0,83.0,507.0,2024,0,Summer,Afternoon,Afternoon,9.6,11.2,37.8,0.3,0.3,0.0,2.0,51,12.1,22.5,10.0,20.2,1.8,1.8,0.0,2.0,61,11.299999999999997,PSA Airlines Inc.,-0.8660254037844384,-0.5000000000000004,0.20129852008866006,0.9795299412524945
MIA,178.0,132.0,1013.0,2024,1,Spring,Morning,Morning,-15.0,9.7,24.8,0.0,0.0,0.0,0.0,3,15.8,25.4,25.2,45.7,2.9,2.9,0.0,8.0,55,5.399999999999999,American Airlines Inc.,1.0,6.123233995736766e-17,0.8486442574947509,0.5289640103269624
PVD,79.0,47.0,237.0,2023,0,Fall,Afternoon,Afternoon,-5.0,10.7,37.8,0.0,0.0,0.0,0.0,3,12.7,11.2,14.8,27.7,0.0,0.0,0.0,0.0,3,9.6,PSA Airlines Inc.,-0.8660254037844386,0.5000000000000001,0.20129852008866006,0.9795299412524945
PIT,83.0,50.0,268.0,2021,0,Winter,Morning,Morning,-8.3,10.3,79.2,0.0,0.0,0.0,0.0,3,5.8999999999999995,-6.2,9.7,21.6,1.4,0.0,0.98,5.0,73,7.700000000000001,Republic Airline,0.8660254037844386,0.5000000000000001,0.39435585511331855,0.9189578116202306
MDW,120.0,86.0,668.0,2024,0,Fall,Morning,Morning,-1.9,7.8,24.8,0.0,0.0,0.0,0.0,2,16.5,14.4,15.8,32.4,0.0,0.0,0.0,0.0,3,12.8,Southwest Airlines Co.,-0.8660254037844386,0.5000000000000001,0.39435585511331855,0.9189578116202306
MCO,155.0,122.0,861.0,2022,0,Winter,Evening,Evening,-16.8,10.5,29.2,0.6,0.0,0.42,6.0,71,16.299999999999997,20.3,7.8,14.8,0.0,0.0,0.0,0.0,3,8.200000000000003,Frontier Airlines Inc.,-2.4492935982947064e-16,1.0,0.20129852008866006,0.9795299412524945
CHS,107.0,90.0,550.0,2024,1,Fall,Morning,Morning,-1.6,13.7,50.4,3.3,0.8,1.75,8.0,73,11.899999999999999,24.2,15.8,31.7,0.1,0.1,0.0,1.0,51,5.700000000000003,American Airlines Inc.,-1.0,-1.8369701987210297e-16,0.8486442574947509,0.5289640103269624
ORD,115.0,77.0,678.0,2020,0,Spring,Night,Evening,-9.6,6.2,23.4,0.0,0.0,0.0,0.0,3,14.1,2.4,29.1,67.3,1.7,1.7,0.0,4.0,53,11.5,American Airlines Inc.,1.0,6.123233995736766e-17,0.20129852008866006,0.9795299412524945
CVG,106.0,72.0,507.0,2025,0,Spring,Morning,Morning,-13.6,8.9,29.9,0.0,0.0,0.0,0.0,3,16.5,13.1,11.0,20.9,0.0,0.0,0.0,0.0,3,17.0,PSA Airlines Inc.,1.0,6.123233995736766e-17,0.5712682150947923,0.8207634412072763
PBI,158.0,134.0,951.0,2020,0,Winter,Evening,Afternoon,-23.7,5.9,18.4,0.2,0.0,0.21,2.0,71,5.600000000000001,22.7,9.7,26.3,2.1,2.1,0.0,6.0,53,5.399999999999999,American Airlines Inc.,-2.4492935982947064e-16,1.0,0.20129852008866006,0.9795299412524945
LAS,279.0,244.0,2176.0,2022,0,Spring,Morning,Night,-6.4,8.5,25.9,0.0,0.0,0.0,0.0,0,12.700000000000001,25.0,31.0,48.6,0.0,0.0,0.0,0.0,3,14.3,Frontier Airlines Inc.,0.8660254037844387,-0.49999999999999983,0.20129852008866006,0.9795299412524945
LAS,284.0,252.0,2176.0,2024,0,Spring,Morning,Night,2.4,10.1,45.4,0.6,0.1,0.35,5.0,71,11.7,31.1,18.6,33.8,0.0,0.0,0.0,0.0,3,16.699999999999996,American Airlines Inc.,0.49999999999999994,-0.8660254037844387,0.72479278722912,0.6889669190756866
FLL,173.0,148.0,992.0,2020,0,Summer,Evening,Afternoon,8.6,9.5,42.5,0.3,0.3,0.0,3.0,51,12.6,27.9,12.7,28.4,3.6,3.6,0.0,10.0,53,4.699999999999999,American Airlines Inc.,-0.8660254037844384,-0.5000000000000004,0.0,1.0
JAX,135.0,119.0,742.0,2021,1,Spring,Evening,Evening,0.2,8.4,52.9,0.6,0.4,0.14,5.0,71,6.5,22.7,16.7,35.6,3.8,3.8,0.0,10.0,53,7.699999999999999,Republic Airline,0.49999999999999994,-0.8660254037844387,0.9377521321470804,0.3473052528448203
MIA,165.0,142.0,1013.0,2023,0,Winter,Afternoon,Morning,-14.5,6.5,19.8,0.5,0.0,0.35,5.0,71,7.5,23.3,28.5,52.6,0.0,0.0,0.0,0.0,2,14.5,American Airlines Inc.,0.8660254037844386,0.5000000000000001,0.20129852008866006,0.9795299412524945
SJU,251.0,196.0,1576.0,2022,1,Fall,Night,Evening,-0.7,8.9,69.8,0.0,0.0,0.0,0.0,3,9.0,26.7,12.1,30.6,0.3,0.3,0.0,2.0,51,6.699999999999999,Spirit Air Lines,-0.8660254037844386,0.5000000000000001,0.8486442574947509,0.5289640103269624
DFW,197.0,159.0,1303.0,2025,0,Summer,Evening,Afternoon,8.4,15.8,51.8,0.0,0.0,0.0,0.0,3,13.5,25.5,20.1,45.7,56.3,56.3,0.0,8.0,65,10.999999999999996,American Airlines Inc.,1.2246467991473532e-16,-1.0,0.0,1.0
ORD,116.0,85.0,678.0,2022,1,Winter,Evening,Afternoon,-17.3,7.2,41.0,0.3,0.0,0.21,3.0,71,10.5,-6.3,22.9,41.4,0.0,0.0,0.0,0.0,3,11.6,American Airlines Inc.,0.8660254037844386,0.5000000000000001,0.9377521321470804,0.3473052528448203
MCO,150.0,121.0,861.0,2024,1,Summer,Evening,Afternoon,8.4,7.7,38.5,3.1,3.1,0.0,6.0,61,9.3,27.0,17.4,34.6,12.1,12.1,0.0,10.0,63,9.000000000000004,American Airlines Inc.,-0.4999999999999998,-0.8660254037844388,0.9377521321470804,0.3473052528448203
RSW,161.0,133.0,993.0,2023,0,Spring,Evening,Afternoon,-7.2,6.8,31.3,0.4,0.0,0.28,4.0,71,12.2,16.9,18.6,37.8,4.7,4.7,0.0,2.0,63,12.6,American Airlines Inc.,1.0,6.123233995736766e-17,0.0,1.0
DFW,193.0,162.0,1303.0,2023,0,Spring,Afternoon,Morning,-1.5,9.1,54.0,0.0,0.0,0.0,0.0,3,11.100000000000001,16.2,21.8,40.7,4.6,4.6,0.0,13.0,53,9.200000000000001,American Airlines Inc.,0.8660254037844387,-0.49999999999999983,0.20129852008866006,0.9795299412524945
MIA,168.0,147.0,1013.0,2020,0,Spring,Afternoon,Afternoon,-8.9,8.6,44.6,0.0,0.0,0.0,0.0,3,13.8,24.4,25.0,49.0,0.3,0.3,0.0,2.0,51,5.900000000000002,American Airlines Inc.,1.0,6.123233995736766e-17,0.5712682150947923,0.8207634412072763
BDL,80.0,46.0,196.0,2021,0,Fall,Morning,Morning,-12.2,9.5,27.7,0.0,0.0,0.0,0.0,3,15.0,7.0,12.0,29.9,0.0,0.0,0.0,0.0,3,13.4,Republic Airline,-0.5000000000000004,0.8660254037844384,0.0,1.0
DFW,185.0,154.0,1303.0,2022,0,Winter,Afternoon,Morning,-19.2,10.0,29.2,0.0,0.0,0.0,0.0,0,16.299999999999997,4.4,17.3,28.8,0.0,0.0,0.0,0.0,3,13.700000000000001,American Airlines Inc.,-2.4492935982947064e-16,1.0,0.0,1.0
BNA,132.0,95.0,675.0,2021,0,Summer,Morning,Morning,3.3,12.0,67.3,1.4,0.4,0.7,3.0,73,10.0,23.5,12.0,26.3,20.8,20.8,0.0,19.0,63,4.899999999999999,Republic Airline,-0.8660254037844384,-0.5000000000000004,0.0,1.0
LAX,320.0,287.0,2402.0,2024,0,Summer,Evening,Morning,6.5,8.6,37.1,0.0,0.0,0.0,0.0,3,13.0,19.1,25.7,43.6,0.0,0.0,0.0,0.0,3,6.399999999999999,American Airlines Inc.,-0.8660254037844384,-0.5000000000000004,0.72479278722912,0.6889669190756866
PHX,283.0,244.0,2075.0,2025,1,Summer,Afternoon,Morning,8.3,16.3,52.2,3.5,3.5,0.0,5.0,61,14.1,34.7,17.0,43.9,0.0,0.0,0.0,0.0,0,14.100000000000001,American Airlines Inc.,1.2246467991473532e-16,-1.0,0.8486442574947509,0.5289640103269624
IAH,202.0,182.0,1325.0,2020,1,Spring,Morning,Morning,-12.2,7.6,47.9,0.0,0.0,0.0,0.0,3,7.100000000000001,11.7,12.8,26.6,0.0,0.0,0.0,0.0,3,8.799999999999999,Republic Airline,1.0,6.123233995736766e-17,0.8486442574947509,0.5289640103269624
PHX,256.0,216.0,2075.0,2025,1,Winter,Night,Evening,-19.2,10.3,29.5,1.0,0.0,0.7,1.0,73,13.7,15.8,8.2,23.4,0.0,0.0,0.0,0.0,3,14.5,American Airlines Inc.,0.8660254037844386,0.5000000000000001,0.9377521321470804,0.3473052528448203
LGA,78.0,28.0,96.0,2024,0,Fall,Morning,Morning,-14.6,9.4,23.0,0.0,0.0,0.0,0.0,3,11.000000000000002,11.3,16.1,36.0,0.0,0.0,0.0,0.0,3,8.700000000000001,Republic Airline,-0.5000000000000004,0.8660254037844384,0.20129852008866006,0.9795299412524945
SDF,118.0,88.0,576.0,2024,1,Summer,Morning,Morning,7.0,11.8,37.1,5.3,5.3,0.0,8.0,63,11.7,27.8,24.6,49.0,2.1,2.1,0.0,6.0,55,8.200000000000003,Republic Airline,1.2246467991473532e-16,-1.0,0.9377521321470804,0.3473052528448203
ORF,67.0,37.0,212.0,2022,0,Fall,Morning,Morning,2.6,8.5,31.0,1.5,1.5,0.0,7.0,51,8.8,25.1,16.6,33.1,0.0,0.0,0.0,0.0,3,8.200000000000003,PSA Airlines Inc.,-1.0,-1.8369701987210297e-16,0.72479278722912,0.6889669190756866
STL,124.0,112.0,814.0,2020,0,Fall,Afternoon,Morning,-12.6,8.3,34.6,0.0,0.0,0.0,0.0,1,14.2,16.0,18.8,34.2,0.0,0.0,0.0,0.0,3,9.0,Republic Airline,-0.5000000000000004,0.8660254037844384,0.5712682150947923,0.8207634412072763
ORF,73.0,41.0,212.0,2022,1,Spring,Morning,Morning,-3.0,8.0,65.2,1.3,0.0,0.91,4.0,73,7.0,8.8,52.2,88.9,30.4,29.4,0.7,17.0,73,17.599999999999998,PSA Airlines Inc.,1.0,6.123233995736766e-17,0.8486442574947509,0.5289640103269624
SAN,301.0,253.0,2370.0,2021,0,Fall,Morning,Night,-14.6,8.4,28.8,0.0,0.0,0.0,0.0,3,12.200000000000001,15.5,12.6,24.5,0.0,0.0,0.0,0.0,3,9.2,American Airlines Inc.,-0.5000000000000004,0.8660254037844384,0.20129852008866006,0.9795299412524945
TYS,114.0,79.0,554.0,2021,1,Summer,Morning,Morning,10.4,12.0,59.0,0.4,0.4,0.0,3.0,51,12.7,25.6,21.1,58.7,1.3,1.3,0.0,5.0,53,9.8,PSA Airlines Inc.,-0.4999999999999998,-0.8660254037844388,0.9377521321470804,0.3473052528448203
SJU,247.0,203.0,1576.0,2023,1,Summer,Morning,Night,5.2,9.5,37.1,3.6,3.6,0.0,7.0,61,9.5,27.8,28.9,41.8,3.7,3.7,0.0,8.0,61,2.700000000000003,Spirit Air Lines,-0.4999999999999998,-0.8660254037844388,0.8486442574947509,0.5289640103269624
ATL,117.0,86.0,666.0,2024,0,Winter,Night,Night,-18.2,11.5,40.0,0.0,0.0,0.0,0.0,0,18.5,3.5,10.6,20.5,0.0,0.0,0.0,0.0,0,13.4,Delta Air Lines Inc.,-2.4492935982947064e-16,1.0,0.20129852008866006,0.9795299412524945
IAH,206.0,177.0,1325.0,2025,0,Summer,Morning,Morning,10.7,11.0,32.8,1.5,1.5,0.0,6.0,51,11.200000000000001,31.0,13.7,31.7,0.0,0.0,0.0,0.0,3,12.100000000000001,United Air Lines Inc.,-0.4999999999999998,-0.8660254037844388,0.5712682150947923,0.8207634412072763
DFW,186.0,147.0,1303.0,2024,0,Fall,Evening,Afternoon,-4.7,9.0,38.5,0.0,0.0,0.0,0.0,3,13.5,17.3,13.9,24.8,1.8,1.8,0.0,3.0,61,8.8,American Airlines Inc.,-0.5000000000000004,0.8660254037844384,0.72479278722912,0.6889669190756866
ATL,127.0,95.0,666.0,2022,0,Fall,Night,Night,-6.3,5.9,43.6,24.9,0.0,17.5,24.0,75,0.7999999999999998,17.1,10.8,24.8,0.0,0.0,0.0,0.0,3,15.2,Frontier Airlines Inc.,-0.8660254037844386,0.5000000000000001,0.5712682150947923,0.8207634412072763
STL,122.0,97.0,814.0,2022,1,Winter,Morning,Morning,-15.3,9.2,29.2,0.0,0.0,0.0,0.0,3,14.5,-4.2,23.2,43.9,0.9,0.3,0.42,6.0,71,8.3,PSA Airlines Inc.,0.49999999999999994,0.8660254037844387,0.9377521321470804,0.3473052528448203
CLT,102.0,61.0,449.0,2020,0,Spring,Afternoon,Afternoon,0.3,8.0,31.0,0.0,0.0,0.0,0.0,3,7.6,14.4,25.9,52.9,0.0,0.0,0.0,0.0,1,9.1,American Airlines Inc.,0.49999999999999994,-0.8660254037844387,0.0,1.0
DEN,210.0,180.0,1558.0,2022,0,Spring,Evening,Afternoon,-2.9,10.1,30.6,5.2,3.6,1.12,13.0,73,11.7,8.3,20.1,43.9,1.0,1.0,0.0,6.0,51,9.1,American Airlines Inc.,0.49999999999999994,-0.8660254037844387,0.20129852008866006,0.9795299412524945
IND,110.0,81.0,588.0,2022,1,Summer,Morning,Morning,6.9,12.6,54.7,0.3,0.3,0.0,2.0,51,12.5,22.2,15.4,40.3,6.8,6.8,0.0,12.0,63,9.0,Republic Airline,-0.8660254037844384,-0.5000000000000004,0.9377521321470804,0.3473052528448203
TYS,109.0,71.0,554.0,2020,1,Winter,Morning,Morning,-18.0,8.7,25.9,0.0,0.0,0.0,0.0,2,13.999999999999998,5.6,13.7,35.3,1.5,1.5,0.0,10.0,51,5.1,PSA Airlines Inc.,0.8660254037844386,0.5000000000000001,0.8486442574947509,0.5289640103269624
MCO,140.0,116.0,861.0,2021,0,Spring,Morning,Morning,4.0,9.4,43.2,0.0,0.0,0.0,0.0,1,12.7,27.2,16.1,38.2,0.7,0.7,0.0,5.0,51,11.299999999999997,Spirit Air Lines,0.49999999999999994,-0.8660254037844387,0.72479278722912,0.6889669190756866
MIA,167.0,129.0,1013.0,2024,1,Winter,Evening,Afternoon,-9.3,8.9,35.3,0.0,0.0,0.0,0.0,3,12.399999999999999,20.3,19.6,36.0,4.0,4.0,0.0,9.0,61,5.599999999999998,American Airlines Inc.,0.49999999999999994,0.8660254037844387,0.9377521321470804,0.3473052528448203
MCO,140.0,113.0,861.0,2023,1,Fall,Evening,Evening,5.8,15.3,59.8,0.0,0.0,0.0,0.0,2,11.0,26.0,12.5,41.0,13.2,13.2,0.0,12.0,63,7.300000000000001,Southwest Airlines Co.,-1.0,-1.8369701987210297e-16,0.8486442574947509,0.5289640103269624
ATL,124.0,86.0,666.0,2025,0,Winter,Afternoon,Morning,-17.4,8.8,28.1,1.1,0.0,0.77,5.0,73,15.1,2.6,22.4,50.0,0.0,0.0,0.0,0.0,3,9.1,Frontier Airlines Inc.,0.8660254037844386,0.5000000000000001,0.0,1.0
RSW,163.0,136.0,993.0,2023,1,Fall,Night,Night,6.2,10.5,34.9,1.3,1.3,0.0,5.0,53,10.799999999999999,27.5,21.2,41.0,0.0,0.0,0.0,0.0,3,9.899999999999999,Frontier Airlines Inc.,-1.0,-1.8369701987210297e-16,0.9377521321470804,0.3473052528448203
MCO,141.0,116.0,861.0,2021,0,Spring,Night,Evening,-11.0,7.6,29.5,0.0,0.0,0.0,0.0,0,10.899999999999999,23.7,25.1,51.5,0.0,0.0,0.0,0.0,3,15.600000000000001,Spirit Air Lines,0.8660254037844387,-0.49999999999999983,0.72479278722912,0.6889669190756866
MCO,151.0,118.0,861.0,2024,0,Winter,Evening,Afternoon,-20.4,12.1,40.7,0.0,0.0,0.0,0.0,1,20.1,11.2,15.0,34.2,0.0,0.0,0.0,0.0,1,9.200000000000001,Frontier Airlines Inc.,-2.4492935982947064e-16,1.0,0.0,1.0
CLE,90.0,53.0,363.0,2024,0,Fall,Morning,Morning,-0.9,9.4,34.6,0.2,0.2,0.0,2.0,51,8.600000000000001,10.5,34.3,67.0,5.8,5.8,0.0,16.0,55,5.4,Republic Airline,-0.8660254037844386,0.5000000000000001,0.0,1.0
ATL,129.0,103.0,666.0,2023,0,Summer,Night,Evening,5.2,16.3,76.3,0.0,0.0,0.0,0.0,1,10.5,27.6,10.8,39.2,2.9,2.9,0.0,3.0,63,11.599999999999998,Delta Air Lines Inc.,-0.8660254037844384,-0.5000000000000004,0.0,1.0
SLC,258.0,231.0,1927.0,2021,1,Summer,Afternoon,Morning,6.9,6.5,38.5,1.6,1.6,0.0,4.0,55,10.100000000000001,26.4,28.7,53.3,0.0,0.0,0.0,0.0,1,15.700000000000003,Delta Air Lines Inc.,-0.8660254037844384,-0.5000000000000004,0.9377521321470804,0.3473052528448203
PHX,292.0,247.0,2075.0,2021,0,Summer,Evening,Morning,8.9,10.0,39.6,1.5,1.5,0.0,5.0,53,9.1,33.9,18.4,39.6,0.0,0.0,0.0,0.0,2,11.100000000000001,American Airlines Inc.,-0.4999999999999998,-0.8660254037844388,0.5712682150947923,0.8207634412072763
BTV,87.0,60.0,335.0,2022,0,Summer,Afternoon,Afternoon,5.3,7.8,30.6,1.4,1.4,0.0,6.0,53,11.6,20.7,28.2,61.6,0.2,0.2,0.0,1.0,51,10.399999999999999,PSA Airlines Inc.,1.2246467991473532e-16,-1.0,0.20129852008866006,0.9795299412524945
IAH,200.0,155.0,1325.0,2023,0,Fall,Morning,Morning,-2.2,11.1,38.9,4.1,0.0,2.87,11.0,75,7.3999999999999995,22.6,15.8,28.4,2.6,2.6,0.0,7.0,55,9.400000000000002,Spirit Air Lines,-0.8660254037844386,0.5000000000000001,0.72479278722912,0.6889669190756866
FLL,155.0,126.0,992.0,2020,0,Winter,Morning,Morning,-18.4,8.8,33.1,0.0,0.0,0.0,0.0,1,9.499999999999998,23.7,29.2,53.6,2.6,2.6,0.0,13.0,51,5.0,Spirit Air Lines,-2.4492935982947064e-16,1.0,0.5712682150947923,0.8207634412072763
LAX,303.0,283.0,2402.0,2022,1,Spring,Afternoon,Morning,-3.0,8.0,65.2,1.3,0.0,0.91,4.0,73,7.0,14.8,27.6,45.7,0.0,0.0,0.0,0.0,0,13.499999999999998,American Airlines Inc.,1.0,6.123233995736766e-17,0.8486442574947509,0.5289640103269624
RSW,165.0,134.0,993.0,2020,0,Spring,Evening,Afternoon,-2.2,7.9,44.3,0.0,0.0,0.0,0.0,3,10.2,25.0,14.8,40.7,6.5,6.5,0.0,8.0,63,6.799999999999997,American Airlines Inc.,0.49999999999999994,-0.8660254037844387,0.0,1.0
OAK,323.0,306.0,2511.0,2022,0,Summer,Night,Afternoon,5.3,9.4,34.9,6.2,6.2,0.0,10.0,63,7.0,16.8,18.3,42.8,0.0,0.0,0.0,0.0,3,6.4,Spirit Air Lines,-0.8660254037844384,-0.5000000000000004,0.39435585511331855,0.9189578116202306
LAX,312.0,282.0,2402.0,2024,1,Fall,Morning,Night,-2.1,10.0,34.2,2.3,0.4,1.33,14.0,73,5.699999999999999,19.3,22.9,39.6,0.0,0.0,0.0,0.0,3,7.200000000000003,American Airlines Inc.,-0.8660254037844386,0.5000000000000001,0.9377521321470804,0.3473052528448203
SEA,310.0,264.0,2378.0,2022,0,Spring,Evening,Afternoon,0.4,7.2,30.6,0.0,0.0,0.0,0.0,3,14.7,6.2,31.6,60.1,6.4,6.4,0.0,16.0,61,7.4,American Airlines Inc.,0.8660254037844387,-0.49999999999999983,0.20129852008866006,0.9795299412524945
MSY,163.0,123.0,1089.0,2023,0,Winter,Afternoon,Afternoon,-14.8,8.0,36.4,0.0,0.0,0.0,0.0,3,8.600000000000001,22.3,39.1,69.8,0.0,0.0,0.0,0.0,3,7.100000000000001,PSA Airlines Inc.,0.8660254037844386,0.5000000000000001,0.39435585511331855,0.9189578116202306
IND,119.0,82.0,588.0,2021,1,Winter,Morning,Morning,-18.9,8.0,24.1,0.0,0.0,0.0,0.0,0,8.799999999999999,-1.3,23.6,45.4,1.4,0.6,0.56,8.0,73,6.2,Republic Airline,0.49999999999999994,0.8660254037844387,0.8486442574947509,0.5289640103269624
MSN,125.0,103.0,764.0,2022,1,Fall,Evening,Afternoon,-10.9,12.5,90.4,0.0,0.0,0.0,0.0,3,10.3,4.7,21.1,39.6,0.0,0.0,0.0,0.0,3,7.500000000000001,PSA Airlines Inc.,-0.5000000000000004,0.8660254037844384,0.8486442574947509,0.5289640103269624
DTW,95.0,69.0,453.0,2020,0,Winter,Afternoon,Afternoon,-20.3,7.3,31.7,0.2,0.0,0.14,2.0,71,9.0,2.3,29.0,61.2,3.1,3.1,0.0,6.0,53,8.1,Endeavor Air Inc.,-2.4492935982947064e-16,1.0,0.0,1.0
MHT,97.0,69.0,289.0,2021,0,Winter,Evening,Evening,-15.9,11.1,32.0,0.0,0.0,0.0,0.0,0,14.600000000000001,-0.4,10.0,23.0,1.1,0.0,0.77,6.0,73,7.1,PSA Airlines Inc.,0.49999999999999994,0.8660254037844387,0.0,1.0
ORD,114.0,88.0,678.0,2020,1,Summer,Afternoon,Morning,3.2,12.8,72.7,0.0,0.0,0.0,0.0,3,8.2,20.4,17.6,38.9,0.0,0.0,0.0,0.0,3,11.2,Republic Airline,1.2246467991473532e-16,-1.0,0.8486442574947509,0.5289640103269624
LAX,309.0,283.0,2402.0,2024,0,Spring,Evening,Morning,8.0,9.2,30.6,0.0,0.0,0.0,0.0,3,14.8,15.1,25.6,42.8,0.0,0.0,0.0,0.0,3,3.799999999999999,American Airlines Inc.,0.49999999999999994,-0.8660254037844387,0.39435585511331855,0.9189578116202306
LAS,282.0,234.0,2176.0,2024,1,Spring,Afternoon,Morning,0.3,11.6,40.3,2.3,0.7,1.12,5.0,75,16.7,18.8,38.9,68.0,0.0,0.0,0.0,0.0,3,14.9,American Airlines Inc.,0.49999999999999994,-0.8660254037844387,0.9377521321470804,0.3473052528448203
FLL,156.0,138.0,992.0,2021,0,Winter,Night,Night,-18.1,8.0,25.9,0.2,0.0,0.14,2.0,71,14.099999999999998,18.5,17.1,32.4,0.0,0.0,0.0,0.0,2,10.7,JetBlue Airways,-2.4492935982947064e-16,1.0,0.72479278722912,0.6889669190756866
BOS,95.0,64.0,280.0,2023,0,Winter,Morning,Morning,-9.9,12.7,60.5,0.0,0.0,0.0,0.0,2,10.0,7.3,22.1,39.2,6.4,6.4,0.0,10.0,55,6.800000000000001,Frontier Airlines Inc.,-2.4492935982947064e-16,1.0,0.0,1.0
SJU,252.0,211.0,1576.0,2022,1,Fall,Night,Night,-17.4,9.1,32.0,0.0,0.0,0.0,0.0,3,12.899999999999999,26.5,15.7,36.4,1.2,1.2,0.0,10.0,51,3.900000000000002,Spirit Air Lines,-0.5000000000000004,0.8660254037844384,0.8486442574947509,0.5289640103269624
SRQ,162.0,129.0,957.0,2023,0,Summer,Evening,Afternoon,5.1,11.6,38.5,2.9,2.9,0.0,15.0,51,7.1000000000000005,28.0,19.7,35.6,17.7,17.7,0.0,16.0,63,3.0,PSA Airlines Inc.,-0.8660254037844384,-0.5000000000000004,0.5712682150947923,0.8207634412072763
MIA,174.0,133.0,1013.0,2021,0,Fall,Afternoon,Afternoon,9.2,10.1,39.6,0.0,0.0,0.0,0.0,3,10.0,27.4,14.8,30.6,2.1,2.1,0.0,5.0,55,8.3,American Airlines Inc.,-1.0,-1.8369701987210297e-16,0.5712682150947923,0.8207634412072763
DEN,209.0,176.0,1558.0,2021,0,Fall,Night,Evening,-13.8,8.8,34.9,0.0,0.0,0.0,0.0,0,17.3,2.7,10.3,21.6,2.1,2.1,0.0,8.0,53,7.0,United Air Lines Inc.,-0.5000000000000004,0.8660254037844384,0.20129852008866006,0.9795299412524945
MCO,157.0,127.0,861.0,2024,0,Spring,Afternoon,Afternoon,0.0,10.5,47.2,0.0,0.0,0.0,0.0,3,10.7,22.0,20.9,41.8,0.0,0.0,0.0,0.0,3,14.0,Frontier Airlines Inc.,0.8660254037844387,-0.49999999999999983,0.5712682150947923,0.8207634412072763
MDW,120.0,103.0,668.0,2023,0,Summer,Afternoon,Afternoon,5.1,11.6,38.5,2.9,2.9,0.0,15.0,51,7.1000000000000005,21.7,28.0,49.3,17.1,17.1,0.0,8.0,65,7.0,Southwest Airlines Co.,-0.8660254037844384,-0.5000000000000004,0.5712682150947923,0.8207634412072763
PNS,154.0,133.0,935.0,2023,0,Spring,Evening,Afternoon,3.7,10.2,59.4,0.4,0.4,0.0,3.0,51,8.9,23.4,22.5,50.4,5.0,5.0,0.0,13.0,63,6.300000000000001,PSA Airlines Inc.,0.49999999999999994,-0.8660254037844387,0.20129852008866006,0.9795299412524945
ORD,115.0,90.0,678.0,2022,1,Fall,Evening,Evening,-6.3,9.1,32.0,0.0,0.0,0.0,0.0,2,14.600000000000001,18.5,24.2,45.0,0.0,0.0,0.0,0.0,3,10.7,American Airlines Inc.,-0.8660254037844386,0.5000000000000001,0.8486442574947509,0.5289640103269624
BNA,120.0,89.0,675.0,2023,0,Fall,Afternoon,Morning,-2.5,8.8,30.6,0.0,0.0,0.0,0.0,3,11.2,11.9,17.7,36.4,10.4,10.4,0.0,15.0,63,16.2,Southwest Airlines Co.,-0.8660254037844386,0.5000000000000001,0.0,1.0
LAS,282.0,248.0,2176.0,2023,0,Spring,Morning,Night,-7.0,8.4,27.4,0.3,0.0,0.21,3.0,71,14.100000000000001,22.1,30.0,46.8,0.0,0.0,0.0,0.0,3,15.100000000000001,Spirit Air Lines,0.49999999999999994,-0.8660254037844387,0.20129852008866006,0.9795299412524945
LAX,308.0,272.0,2402.0,2025,0,Spring,Night,Afternoon,4.9,10.7,34.6,0.0,0.0,0.0,0.0,1,11.3,15.6,18.9,47.2,0.0,0.0,0.0,0.0,3,5.800000000000001,American Airlines Inc.,0.49999999999999994,-0.8660254037844387,0.39435585511331855,0.9189578116202306
DEN,209.0,172.0,1558.0,2022,0,Fall,Afternoon,Morning,-10.9,10.8,47.5,1.9,0.0,1.33,7.0,75,14.899999999999999,8.6,17.4,29.5,0.0,0.0,0.0,0.0,3,9.100000000000001,Frontier Airlines Inc.,-0.8660254037844386,0.5000000000000001,0.39435585511331855,0.9189578116202306
MIA,168.0,132.0,1013.0,2023,0,Winter,Evening,Afternoon,-25.2,8.8,30.2,0.0,0.0,0.0,0.0,0,13.0,16.1,15.7,31.7,0.0,0.0,0.0,0.0,1,13.299999999999999,American Airlines Inc.,0.49999999999999994,0.8660254037844387,0.20129852008866006,0.9795299412524945
FLL,175.0,135.0,992.0,2020,1,Winter,Afternoon,Morning,-10.3,7.5,31.7,1.0,0.0,0.7,8.0,71,7.600000000000001,14.6,19.8,39.6,0.0,0.0,0.0,0.0,3,11.899999999999999,Southwest Airlines Co.,0.8660254037844386,0.5000000000000001,0.8486442574947509,0.5289640103269624
ATL,121.0,92.0,666.0,2025,0,Summer,Evening,Afternoon,5.4,9.2,40.0,3.7,3.6,0.07,5.0,71,12.600000000000001,26.0,11.6,33.5,0.4,0.4,0.0,2.0,51,9.700000000000003,Delta Air Lines Inc.,1.2246467991473532e-16,-1.0,0.0,1.0
AVL,113.0,75.0,504.0,2022,0,Summer,Evening,Evening,8.0,12.3,49.3,6.6,5.4,0.84,5.0,75,10.9,23.2,18.1,40.7,1.6,1.6,0.0,2.0,55,11.399999999999999,PSA Airlines Inc.,-0.8660254037844384,-0.5000000000000004,0.20129852008866006,0.9795299412524945
PBI,157.0,124.0,951.0,2023,0,Spring,Evening,Evening,-3.5,7.9,31.3,0.0,0.0,0.0,0.0,3,12.3,23.6,24.0,41.8,12.1,12.1,0.0,10.0,63,6.0,American Airlines Inc.,1.0,6.123233995736766e-17,0.39435585511331855,0.9189578116202306
MCO,155.0,110.0,861.0,2024,0,Fall,Afternoon,Morning,1.1,14.3,52.9,1.2,0.6,0.42,4.0,73,9.6,25.3,11.0,27.4,49.0,49.0,0.0,14.0,65,6.700000000000003,Frontier Airlines Inc.,-1.0,-1.8369701987210297e-16,0.0,1.0
CLT,97.0,71.0,449.0,2023,0,Spring,Morning,Morning,-3.4,11.7,77.0,3.9,0.0,2.8,11.0,73,5.8,14.9,11.8,15.5,0.0,0.0,0.0,0.0,0,17.4,American Airlines Inc.,0.8660254037844387,-0.49999999999999983,0.39435585511331855,0.9189578116202306
MCO,150.0,129.0,861.0,2025,0,Spring,Evening,Afternoon,-14.9,7.8,21.6,0.0,0.0,0.0,0.0,3,12.8,16.6,17.5,37.4,0.0,0.0,0.0,0.0,0,13.900000000000002,Southwest Airlines Co.,1.0,6.123233995736766e-17,0.20129852008866006,0.9795299412524945
OMA,166.0,140.0,1088.0,2020,0,Spring,Morning,Morning,-3.2,8.9,38.9,1.0,0.0,0.7,4.0,73,12.4,17.4,21.2,38.5,0.0,0.0,0.0,0.0,1,14.0,PSA Airlines Inc.,0.8660254037844387,-0.49999999999999983,0.20129852008866006,0.9795299412524945
MDW,115.0,81.0,668.0,2020,1,Winter,Afternoon,Morning,-17.6,9.6,34.2,0.0,0.0,0.0,0.0,3,10.8,3.0,24.8,42.8,0.0,0.0,0.0,0.0,3,8.799999999999999,Southwest Airlines Co.,-2.4492935982947064e-16,1.0,0.8486442574947509,0.5289640103269624
PWM,91.0,71.0,364.0,2023,0,Fall,Afternoon,Afternoon,-0.8,9.8,33.8,3.2,0.1,2.17,8.0,73,9.5,16.4,12.0,29.9,0.2,0.2,0.0,2.0,51,4.6,American Airlines Inc.,-0.8660254037844386,0.5000000000000001,0.72479278722912,0.6889669190756866
ORD,120.0,88.0,678.0,2020,0,Winter,Morning,Morning,-15.2,8.5,30.6,0.0,0.0,0.0,0.0,3,13.3,-2.1,18.9,42.5,1.0,0.0,0.7,6.0,73,2.0,American Airlines Inc.,0.8660254037844386,0.5000000000000001,0.39435585511331855,0.9189578116202306
RDU,88.0,60.0,337.0,2024,0,Spring,Afternoon,Morning,0.3,9.6,32.0,0.0,0.0,0.0,0.0,3,13.7,17.6,29.2,63.0,2.4,2.4,0.0,4.0,53,6.699999999999999,PSA Airlines Inc.,0.8660254037844387,-0.49999999999999983,0.72479278722912,0.6889669190756866
PBI,157.0,126.0,951.0,2024,0,Fall,Morning,Morning,-6.4,8.4,27.4,0.0,0.0,0.0,0.0,2,12.3,25.8,32.9,54.0,0.5,0.5,0.0,2.0,51,2.8000000000000007,American Airlines Inc.,-0.8660254037844386,0.5000000000000001,0.5712682150947923,0.8207634412072763
BHM,139.0,97.0,772.0,2024,0,Summer,Morning,Morning,6.0,8.5,30.2,3.2,3.2,0.0,9.0,61,11.1,23.4,8.9,22.7,16.0,16.0,0.0,18.0,63,3.8000000000000007,PSA Airlines Inc.,-0.4999999999999998,-0.8660254037844388,0.39435585511331855,0.9189578116202306
AGS,112.0,81.0,583.0,2023,0,Spring,Evening,Evening,-4.0,7.7,45.4,0.0,0.0,0.0,0.0,3,9.8,22.1,23.3,45.0,11.5,11.5,0.0,7.0,65,9.2,PSA Airlines Inc.,0.8660254037844387,-0.49999999999999983,0.72479278722912,0.6889669190756866
CLE,89.0,56.0,363.0,2021,0,Spring,Afternoon,Afternoon,-14.6,9.5,31.7,0.0,0.0,0.0,0.0,1,12.399999999999999,4.4,33.9,69.5,3.3,3.3,0.0,3.0,61,12.7,PSA Airlines Inc.,1.0,6.123233995736766e-17,0.0,1.0
PWM,94.0,62.0,364.0,2022,1,Summer,Morning,Morning,2.4,8.6,32.8,0.6,0.6,0.0,2.0,53,10.1,19.6,10.1,26.3,1.4,1.4,0.0,9.0,51,5.899999999999999,American Airlines Inc.,-0.8660254037844384,-0.5000000000000004,0.8486442574947509,0.5289640103269624
RSW,166.0,122.0,993.0,2022,0,Spring,Night,Evening,-9.4,11.2,71.3,6.8,0.1,4.69,9.0,75,8.7,24.6,28.2,58.7,11.9,11.9,0.0,12.0,63,4.600000000000001,Frontier Airlines Inc.,1.0,6.123233995736766e-17,0.5712682150947923,0.8207634412072763
LAX,316.0,291.0,2402.0,2023,0,Summer,Night,Afternoon,0.8,6.9,28.4,5.7,5.7,0.0,14.0,55,7.0,16.4,23.6,39.2,0.2,0.2,0.0,2.0,51,3.0999999999999996,American Airlines Inc.,1.2246467991473532e-16,-1.0,0.5712682150947923,0.8207634412072763
DTW,102.0,77.0,453.0,2024,1,Fall,Morning,Morning,1.3,20.8,93.6,0.0,0.0,0.0,0.0,3,11.2,13.8,21.2,45.7,0.0,0.0,0.0,0.0,3,8.099999999999998,American Airlines Inc.,-1.0,-1.8369701987210297e-16,0.8486442574947509,0.5289640103269624
DTW,101.0,63.0,453.0,2023,0,Winter,Morning,Morning,-18.6,8.0,41.4,0.0,0.0,0.0,0.0,3,12.8,5.6,10.4,18.7,0.0,0.0,0.0,0.0,3,7.1000000000000005,PSA Airlines Inc.,0.49999999999999994,0.8660254037844387,0.0,1.0
PHX,267.0,274.0,2075.0,2021,0,Fall,Afternoon,Morning,-12.0,11.2,44.3,1.9,0.0,1.33,9.0,73,18.7,23.9,18.1,33.1,0.0,0.0,0.0,0.0,0,17.6,American Airlines Inc.,-0.8660254037844386,0.5000000000000001,0.72479278722912,0.6889669190756866
ATL,124.0,97.0,666.0,2022,0,Spring,Evening,Afternoon,3.9,10.2,41.8,0.5,0.4,0.07,2.0,71,12.3,22.8,21.2,43.6,0.2,0.2,0.0,2.0,51,12.299999999999997,Republic Airline,0.49999999999999994,-0.8660254037844387,0.20129852008866006,0.9795299412524945
ORD,117.0,103.0,678.0,2023,0,Fall,Morning,Morning,-3.2,6.1,25.2,13.5,0.0,9.45,21.0,75,1.6,17.3,12.1,25.6,0.2,0.2,0.0,2.0,51,10.0,American Airlines Inc.,-1.0,-1.8369701987210297e-16,0.72479278722912,0.6889669190756866
MSP,152.0,117.0,980.0,2022,0,Spring,Afternoon,Morning,-12.1,7.0,25.9,0.0,0.0,0.0,0.0,3,9.900000000000002,0.4,13.1,23.8,0.0,0.0,0.0,0.0,3,3.8,Delta Air Lines Inc.,1.0,6.123233995736766e-17,0.20129852008866006,0.9795299412524945
CLT,103.0,68.0,449.0,2024,1,Fall,Evening,Evening,1.1,7.9,27.7,5.4,4.7,0.49,20.0,73,5.300000000000001,22.9,25.8,54.4,1.1,1.1,0.0,6.0,51,8.600000000000001,Frontier Airlines Inc.,-1.0,-1.8369701987210297e-16,0.9377521321470804,0.3473052528448203
PHX,269.0,231.0,2075.0,2024,0,Spring,Morning,Night,6.7,12.7,40.0,0.9,0.9,0.0,5.0,51,13.3,27.1,19.5,34.9,0.0,0.0,0.0,0.0,0,17.7,American Airlines Inc.,0.49999999999999994,-0.8660254037844387,0.39435585511331855,0.9189578116202306
MCI,156.0,140.0,1038.0,2020,0,Fall,Evening,Afternoon,-3.9,7.2,30.6,4.0,0.0,2.8,8.0,73,9.200000000000001,22.3,22.6,46.1,0.0,0.0,0.0,0.0,1,10.8,Republic Airline,-0.8660254037844386,0.5000000000000001,0.72479278722912,0.6889669190756866
BNA,120.0,87.0,675.0,2020,0,Winter,Evening,Afternoon,-15.0,7.1,35.3,0.0,0.0,0.0,0.0,3,9.299999999999999,12.0,19.1,36.7,29.7,29.7,0.0,24.0,63,4.600000000000001,Southwest Airlines Co.,0.49999999999999994,0.8660254037844387,0.72479278722912,0.6889669190756866
PHX,262.0,247.0,2075.0,2021,0,Fall,Night,Afternoon,-15.2,9.3,34.9,0.0,0.0,0.0,0.0,3,13.400000000000002,22.1,18.6,32.4,0.0,0.0,0.0,0.0,0,16.1,American Airlines Inc.,-0.5000000000000004,0.8660254037844384,0.72479278722912,0.6889669190756866
DFW,192.0,152.0,1303.0,2021,1,Fall,Evening,Afternoon,4.5,9.5,35.6,0.0,0.0,0.0,0.0,0,10.100000000000001,25.1,15.7,30.6,0.0,0.0,0.0,0.0,2,13.2,American Airlines Inc.,-1.0,-1.8369701987210297e-16,0.9377521321470804,0.3473052528448203
JAX,134.0,100.0,742.0,2022,0,Summer,Afternoon,Morning,8.5,6.9,35.3,6.8,6.8,0.0,13.0,63,5.199999999999999,25.7,12.1,28.4,0.0,0.0,0.0,0.0,3,14.299999999999997,PSA Airlines Inc.,-0.8660254037844384,-0.5000000000000004,0.0,1.0
ORD,110.0,93.0,678.0,2021,1,Winter,Morning,Morning,-15.2,8.0,26.6,0.0,0.0,0.0,0.0,3,9.299999999999999,7.0,39.6,73.4,16.1,15.8,0.21,15.0,71,13.299999999999999,American Airlines Inc.,-2.4492935982947064e-16,1.0,0.8486442574947509,0.5289640103269624
MCO,150.0,121.0,861.0,2025,1,Winter,Evening,Afternoon,-16.9,7.2,19.4,0.0,0.0,0.0,0.0,3,12.200000000000001,13.9,14.1,28.1,0.0,0.0,0.0,0.0,3,12.499999999999998,Southwest Airlines Co.,0.8660254037844386,0.5000000000000001,0.8486442574947509,0.5289640103269624
ORF,67.0,39.0,212.0,2024,0,Summer,Morning,Morning,11.1,10.1,34.9,0.5,0.5,0.0,3.0,51,10.1,23.7,14.7,26.6,0.0,0.0,0.0,0.0,3,9.7,PSA Airlines Inc.,-0.8660254037844384,-0.5000000000000004,0.72479278722912,0.6889669190756866
ATL,123.0,100.0,666.0,2022,0,Spring,Afternoon,Morning,3.9,10.2,41.8,0.5,0.4,0.07,2.0,71,12.3,22.8,21.2,43.6,0.2,0.2,0.0,2.0,51,12.299999999999997,Republic Airline,0.49999999999999994,-0.8660254037844387,0.20129852008866006,0.9795299412524945
LAX,305.0,285.0,2402.0,2021,1,Fall,Afternoon,Morning,-14.5,11.5,55.1,0.0,0.0,0.0,0.0,3,19.5,16.2,15.5,28.4,0.0,0.0,0.0,0.0,3,6.0,Spirit Air Lines,-0.8660254037844386,0.5000000000000001,0.8486442574947509,0.5289640103269624
ATL,117.0,90.0,666.0,2024,0,Summer,Evening,Evening,5.4,9.7,34.6,4.2,4.2,0.0,6.0,63,8.299999999999999,24.1,19.6,38.5,0.0,0.0,0.0,0.0,3,9.099999999999998,Delta Air Lines Inc.,-0.8660254037844384,-0.5000000000000004,0.5712682150947923,0.8207634412072763
MCO,148.0,121.0,861.0,2020,0,Winter,Afternoon,Morning,-6.7,9.7,47.9,0.0,0.0,0.0,0.0,3,13.1,14.0,22.7,59.4,5.1,5.1,0.0,6.0,61,7.500000000000002,Spirit Air Lines,0.8660254037844386,0.5000000000000001,0.5712682150947923,0.8207634412072763
SFO,323.0,298.0,2521.0,2024,0,Fall,Morning,Night,6.2,9.7,37.1,0.0,0.0,0.0,0.0,1,15.0,17.7,18.9,36.7,0.0,0.0,0.0,0.0,3,19.8,American Airlines Inc.,-1.0,-1.8369701987210297e-16,0.0,1.0
JAX,125.0,97.0,742.0,2022,0,Fall,Afternoon,Morning,-10.6,10.5,38.5,0.0,0.0,0.0,0.0,3,16.5,21.1,21.7,41.4,0.0,0.0,0.0,0.0,3,5.5,American Airlines Inc.,-0.8660254037844386,0.5000000000000001,0.72479278722912,0.6889669190756866
ORD,136.0,100.0,678.0,2025,0,Summer,Evening,Afternoon,7.3,16.3,51.8,0.0,0.0,0.0,0.0,1,11.799999999999999,30.7,23.1,54.7,0.0,0.0,0.0,0.0,1,9.5,United Air Lines Inc.,1.2246467991473532e-16,-1.0,0.0,1.0
BGR,108.0,86.0,473.0,2024,0,Summer,Afternoon,Afternoon,5.4,10.4,38.5,5.3,4.1,0.84,6.0,75,10.7,25.7,14.7,37.8,0.1,0.1,0.0,1.0,51,17.199999999999996,PSA Airlines Inc.,1.2246467991473532e-16,-1.0,0.39435585511331855,0.9189578116202306
PVD,87.0,57.0,237.0,2021,0,Fall,Morning,Morning,-16.4,13.0,80.6,0.2,0.0,0.14,2.0,71,10.200000000000001,9.0,27.5,50.0,6.7,6.7,0.0,7.0,63,9.100000000000001,PSA Airlines Inc.,-0.5000000000000004,0.8660254037844384,0.72479278722912,0.6889669190756866
DFW,203.0,177.0,1303.0,2023,0,Summer,Morning,Morning,11.4,11.6,40.3,0.0,0.0,0.0,0.0,0,11.8,33.0,26.8,43.9,0.0,0.0,0.0,0.0,3,11.799999999999997,American Airlines Inc.,-0.4999999999999998,-0.8660254037844388,0.5712682150947923,0.8207634412072763
DEN,220.0,192.0,1558.0,2020,0,Summer,Evening,Morning,7.3,9.7,40.0,1.0,1.0,0.0,6.0,51,10.899999999999999,25.4,32.1,55.4,0.0,0.0,0.0,0.0,3,16.8,American Airlines Inc.,-0.8660254037844384,-0.5000000000000004,0.39435585511331855,0.9189578116202306
LAS,273.0,231.0,2176.0,2023,0,Fall,Morning,Night,-9.8,9.7,23.4,0.0,0.0,0.0,0.0,2,15.7,14.4,10.4,28.8,6.0,6.0,0.0,6.0,63,10.200000000000001,American Airlines Inc.,-0.5000000000000004,0.8660254037844384,0.5712682150947923,0.8207634412072763
MYR,100.0,71.0,473.0,2023,1,Summer,Evening,Evening,13.0,13.9,50.0,0.0,0.0,0.0,0.0,1,10.200000000000001,27.4,21.3,40.0,14.8,14.8,0.0,7.0,65,4.400000000000002,Spirit Air Lines,-0.4999999999999998,-0.8660254037844388,0.8486442574947509,0.5289640103269624
CLT,97.0,68.0,449.0,2023,0,Fall,Night,Night,-6.0,6.8,31.3,6.5,0.0,4.55,13.0,73,8.399999999999999,19.3,14.3,28.4,0.0,0.0,0.0,0.0,3,13.0,American Airlines Inc.,-0.5000000000000004,0.8660254037844384,0.5712682150947923,0.8207634412072763
BTV,99.0,66.0,335.0,2024,0,Fall,Afternoon,Afternoon,-17.2,7.5,17.3,0.0,0.0,0.0,0.0,3,10.9,3.5,19.1,40.0,2.0,2.0,0.0,6.0,53,4.1,Republic Airline,-0.5000000000000004,0.8660254037844384,0.39435585511331855,0.9189578116202306
CVG,96.0,73.0,507.0,2023,0,Fall,Afternoon,Morning,-7.6,11.8,61.2,0.0,0.0,0.0,0.0,2,10.4,3.9,15.6,34.6,0.0,0.0,0.0,0.0,3,11.0,American Airlines Inc.,-0.5000000000000004,0.8660254037844384,0.5712682150947923,0.8207634412072763
MSP,155.0,127.0,980.0,2022,1,Summer,Night,Evening,7.6,13.1,66.6,0.0,0.0,0.0,0.0,1,12.1,20.1,15.7,34.2,0.8,0.8,0.0,6.0,51,9.600000000000001,Delta Air Lines Inc.,-0.8660254037844384,-0.5000000000000004,0.8486442574947509,0.5289640103269624
CMH,88.0,62.0,406.0,2023,0,Fall,Afternoon,Morning,2.2,13.3,56.5,0.3,0.3,0.0,1.0,51,12.0,25.4,10.1,25.2,0.0,0.0,0.0,0.0,1,12.999999999999996,American Airlines Inc.,-1.0,-1.8369701987210297e-16,0.20129852008866006,0.9795299412524945
MCO,150.0,117.0,861.0,2021,1,Summer,Afternoon,Afternoon,2.7,8.8,57.2,0.0,0.0,0.0,0.0,3,9.1,28.4,15.5,36.7,0.0,0.0,0.0,0.0,3,9.600000000000001,Southwest Airlines Co.,1.2246467991473532e-16,-1.0,0.8486442574947509,0.5289640103269624
MSP,155.0,124.0,980.0,2020,1,Fall,Night,Evening,-1.6,7.8,43.2,0.0,0.0,0.0,0.0,0,16.7,16.8,26.0,58.0,0.0,0.0,0.0,0.0,3,10.0,Endeavor Air Inc.,-1.0,-1.8369701987210297e-16,0.9377521321470804,0.3473052528448203
BDL,79.0,49.0,196.0,2022,0,Winter,Morning,Morning,-14.8,8.1,33.1,0.4,0.0,0.35,2.0,73,11.600000000000001,-2.7,11.3,22.0,0.5,0.0,0.35,5.0,71,7.8999999999999995,PSA Airlines Inc.,0.49999999999999994,0.8660254037844387,0.72479278722912,0.6889669190756866
MSP,151.0,117.0,980.0,2022,1,Summer,Afternoon,Morning,8.3,11.9,48.6,1.6,1.6,0.0,6.0,53,9.2,23.1,10.1,29.2,0.0,0.0,0.0,0.0,3,10.899999999999999,Delta Air Lines Inc.,-0.4999999999999998,-0.8660254037844388,0.8486442574947509,0.5289640103269624
MIA,167.0,132.0,1013.0,2024,0,Winter,Evening,Afternoon,-15.5,10.5,30.6,0.4,0.0,0.28,2.0,71,14.700000000000001,22.6,11.6,29.9,4.9,4.9,0.0,7.0,61,7.300000000000001,American Airlines Inc.,-2.4492935982947064e-16,1.0,0.20129852008866006,0.9795299412524945
MIA,177.0,142.0,1013.0,2023,0,Spring,Night,Evening,-4.1,11.1,63.4,1.8,0.0,1.26,11.0,73,9.299999999999999,24.1,19.5,37.4,0.0,0.0,0.0,0.0,3,12.5,American Airlines Inc.,0.49999999999999994,-0.8660254037844387,0.5712682150947923,0.8207634412072763
MCO,145.0,103.0,861.0,2022,1,Winter,Night,Night,-15.9,10.9,41.0,0.0,0.0,0.0,0.0,0,9.0,15.2,11.2,20.9,0.0,0.0,0.0,0.0,3,10.7,Spirit Air Lines,-2.4492935982947064e-16,1.0,0.8486442574947509,0.5289640103269624
BNA,125.0,96.0,675.0,2023,1,Summer,Afternoon,Morning,8.6,12.2,64.4,0.0,0.0,0.0,0.0,2,9.600000000000001,24.0,12.3,24.5,0.0,0.0,0.0,0.0,3,15.2,PSA Airlines Inc.,1.2246467991473532e-16,-1.0,0.8486442574947509,0.5289640103269624
SJU,238.0,205.0,1576.0,2025,0,Summer,Afternoon,Morning,12.0,14.9,46.4,0.0,0.0,0.0,0.0,0,16.1,27.7,27.4,35.6,0.3,0.3,0.0,1.0,51,3.6999999999999993,Frontier Airlines Inc.,-0.4999999999999998,-0.8660254037844388,0.72479278722912,0.6889669190756866
SEA,310.0,272.0,2378.0,2021,0,Spring,Afternoon,Morning,-5.7,8.6,54.7,0.0,0.0,0.0,0.0,3,7.200000000000001,13.6,12.8,22.7,0.0,0.0,0.0,0.0,2,16.299999999999997,Alaska Airlines Inc.,0.8660254037844387,-0.49999999999999983,0.0,1.0
PIT,73.0,58.0,268.0,2020,0,Spring,Evening,Evening,-11.7,8.6,47.9,0.0,0.0,0.0,0.0,3,8.3,3.3,24.9,56.9,2.8,1.9,0.63,8.0,73,6.1000000000000005,PSA Airlines Inc.,1.0,6.123233995736766e-17,0.72479278722912,0.6889669190756866
DFW,191.0,156.0,1303.0,2020,0,Summer,Night,Evening,5.2,10.5,63.4,0.0,0.0,0.0,0.0,3,10.4,25.2,12.2,27.0,0.8,0.8,0.0,2.0,53,8.399999999999999,American Airlines Inc.,1.2246467991473532e-16,-1.0,0.39435585511331855,0.9189578116202306
SAV,122.0,83.0,629.0,2025,0,Spring,Evening,Evening,-2.0,10.7,36.0,2.1,0.0,1.47,7.0,73,11.5,16.9,12.9,31.0,0.8,0.8,0.0,3.0,51,9.3,American Airlines Inc.,0.8660254037844387,-0.49999999999999983,0.5712682150947923,0.8207634412072763
MIA,170.0,133.0,1013.0,2024,0,Summer,Evening,Afternoon,3.0,9.8,40.3,0.1,0.1,0.0,1.0,51,10.8,26.7,15.5,33.1,0.0,0.0,0.0,0.0,2,9.899999999999999,American Airlines Inc.,1.2246467991473532e-16,-1.0,0.20129852008866006,0.9795299412524945
AUS,209.0,197.0,1430.0,2023,0,Spring,Evening,Afternoon,-3.6,9.2,69.5,0.7,0.0,0.49,7.0,71,7.300000000000001,17.3,15.3,28.1,0.2,0.2,0.0,1.0,51,11.1,American Airlines Inc.,0.8660254037844387,-0.49999999999999983,0.20129852008866006,0.9795299412524945
BOS,93.0,57.0,280.0,2025,0,Summer,Morning,Morning,9.7,9.1,35.6,2.7,2.7,0.0,10.0,53,10.7,28.8,15.7,40.7,0.0,0.0,0.0,0.0,3,13.899999999999999,JetBlue Airways,-0.4999999999999998,-0.8660254037844388,0.20129852008866006,0.9795299412524945
TPA,156.0,124.0,920.0,2024,0,Fall,Evening,Afternoon,-5.0,14.8,68.0,3.2,0.1,2.17,7.0,73,10.600000000000001,21.0,25.8,45.4,0.0,0.0,0.0,0.0,3,4.900000000000002,American Airlines Inc.,-0.8660254037844386,0.5000000000000001,0.39435585511331855,0.9189578116202306
JAX,136.0,103.0,742.0,2025,1,Winter,Morning,Morning,-18.4,9.3,20.5,0.0,0.0,0.0,0.0,0,15.399999999999999,14.3,10.3,25.6,0.0,0.0,0.0,0.0,3,11.4,Republic Airline,0.8660254037844386,0.5000000000000001,0.9377521321470804,0.3473052528448203
PIT,91.0,47.0,268.0,2021,0,Winter,Morning,Morning,-14.6,9.0,37.8,0.0,0.0,0.0,0.0,3,17.9,-0.2,12.3,24.8,0.0,0.0,0.0,0.0,3,10.100000000000001,Republic Airline,-2.4492935982947064e-16,1.0,0.20129852008866006,0.9795299412524945
MDW,115.0,84.0,668.0,2022,0,Spring,Morning,Morning,-0.6,9.0,39.2,2.8,0.3,1.75,9.0,73,11.8,11.6,26.5,47.5,2.7,2.7,0.0,8.0,53,12.100000000000001,Southwest Airlines Co.,0.8660254037844387,-0.49999999999999983,0.72479278722912,0.6889669190756866
TPA,154.0,135.0,920.0,2023,0,Winter,Morning,Morning,-11.2,10.7,27.7,0.0,0.0,0.0,0.0,3,11.4,12.1,20.2,33.8,0.0,0.0,0.0,0.0,0,6.5,American Airlines Inc.,-2.4492935982947064e-16,1.0,0.20129852008866006,0.9795299412524945
DFW,195.0,160.0,1303.0,2020,1,Fall,Afternoon,Morning,5.3,8.6,31.3,0.0,0.0,0.0,0.0,2,11.1,25.0,18.0,33.1,0.0,0.0,0.0,0.0,3,9.0,American Airlines Inc.,-1.0,-1.8369701987210297e-16,0.9377521321470804,0.3473052528448203
ORF,71.0,47.0,212.0,2021,0,Summer,Evening,Afternoon,6.4,10.1,37.1,1.0,1.0,0.0,6.0,51,12.4,27.3,14.7,28.8,0.2,0.2,0.0,2.0,51,6.600000000000001,PSA Airlines Inc.,-0.8660254037844384,-0.5000000000000004,0.39435585511331855,0.9189578116202306
MIA,169.0,126.0,1013.0,2022,0,Winter,Night,Night,-13.8,8.0,27.7,0.0,0.0,0.0,0.0,3,10.5,22.5,11.7,25.2,1.7,1.7,0.0,8.0,51,8.3,American Airlines Inc.,0.49999999999999994,0.8660254037844387,0.39435585511331855,0.9189578116202306
BUF,74.0,59.0,279.0,2020,0,Fall,Evening,Evening,-9.6,8.8,32.8,0.0,0.0,0.0,0.0,0,16.4,10.8,22.8,43.9,8.9,8.9,0.0,17.0,55,5.700000000000001,PSA Airlines Inc.,-0.8660254037844386,0.5000000000000001,0.0,1.0
PBI,160.0,135.0,951.0,2025,0,Summer,Afternoon,Afternoon,-2.9,8.6,29.9,3.7,0.0,2.59,10.0,73,4.8,24.0,18.2,42.5,10.9,10.9,0.0,15.0,63,4.600000000000001,American Airlines Inc.,1.2246467991473532e-16,-1.0,0.20129852008866006,0.9795299412524945
MSP,154.0,131.0,980.0,2024,0,Spring,Morning,Morning,-8.0,8.4,39.2,6.2,0.0,4.34,17.0,73,2.6999999999999993,7.9,24.5,50.4,9.4,9.4,0.0,17.0,61,4.1000000000000005,Delta Air Lines Inc.,0.8660254037844387,-0.49999999999999983,0.0,1.0
BOS,104.0,61.0,280.0,2022,0,Summer,Night,Evening,8.5,8.9,48.2,0.0,0.0,0.0,0.0,3,11.600000000000001,21.0,19.1,39.6,2.3,2.3,0.0,4.0,55,5.899999999999999,Republic Airline,-0.8660254037844384,-0.5000000000000004,0.39435585511331855,0.9189578116202306
DCA,61.0,38.0,119.0,2024,1,Winter,Evening,Afternoon,-12.2,16.3,83.2,6.1,0.0,4.27,24.0,73,5.799999999999999,2.5,29.8,59.8,4.3,0.1,2.94,5.0,75,4.3,Republic Airline,0.8660254037844386,0.5000000000000001,0.8486442574947509,0.5289640103269624
MCI,161.0,132.0,1038.0,2024,0,Summer,Evening,Afternoon,8.7,10.2,35.3,0.1,0.1,0.0,1.0,51,10.899999999999999,22.9,20.3,41.8,14.1,14.1,0.0,9.0,63,7.300000000000001,American Airlines Inc.,-0.8660254037844384,-0.5000000000000004,0.5712682150947923,0.8207634412072763
PBI,159.0,122.0,951.0,2022,0,Spring,Morning,Morning,-2.4,8.7,35.6,0.0,0.0,0.0,0.0,3,11.6,23.8,23.4,38.2,0.1,0.1,0.0,1.0,51,6.600000000000001,American Airlines Inc.,0.8660254037844387,-0.49999999999999983,0.72479278722912,0.6889669190756866
ORD,127.0,86.0,678.0,2021,0,Fall,Morning,Morning,-10.3,7.8,51.8,0.0,0.0,0.0,0.0,0,11.5,18.1,23.1,46.8,12.9,12.9,0.0,14.0,63,5.299999999999997,United Air Lines Inc.,-0.8660254037844386,0.5000000000000001,0.20129852008866006,0.9795299412524945
IAH,196.0,166.0,1325.0,2022,1,Summer,Morning,Morning,7.2,5.8,34.9,2.6,2.4,0.14,4.0,71,9.2,29.0,19.0,38.2,0.4,0.4,0.0,1.0,51,10.899999999999999,United Air Lines Inc.,-0.4999999999999998,-0.8660254037844388,0.9377521321470804,0.3473052528448203
TPA,156.0,131.0,920.0,2024,0,Summer,Evening,Afternoon,6.4,9.1,31.0,0.9,0.9,0.0,4.0,51,9.8,27.4,14.2,30.2,6.4,6.4,0.0,4.0,63,7.799999999999997,American Airlines Inc.,-0.8660254037844384,-0.5000000000000004,0.39435585511331855,0.9189578116202306
MCO,149.0,122.0,861.0,2020,1,Fall,Afternoon,Afternoon,-14.5,10.2,65.2,0.0,0.0,0.0,0.0,1,11.900000000000002,21.6,8.9,21.6,0.4,0.4,0.0,3.0,51,7.699999999999999,American Airlines Inc.,-0.5000000000000004,0.8660254037844384,0.9377521321470804,0.3473052528448203
DTW,99.0,74.0,453.0,2025,0,Summer,Afternoon,Afternoon,-2.1,10.0,33.5,0.0,0.0,0.0,0.0,3,13.600000000000001,18.0,16.3,40.3,29.4,29.4,0.0,14.0,63,9.5,American Airlines Inc.,1.2246467991473532e-16,-1.0,0.5712682150947923,0.8207634412072763
BOS,100.0,62.0,280.0,2023,0,Winter,Morning,Morning,-4.7,6.1,56.9,1.9,0.0,1.33,15.0,73,6.299999999999999,12.3,24.4,42.1,0.0,0.0,0.0,0.0,3,6.199999999999999,American Airlines Inc.,0.8660254037844386,0.5000000000000001,0.5712682150947923,0.8207634412072763
BNA,110.0,86.0,675.0,2020,0,Winter,Night,Night,-19.7,9.3,38.9,0.0,0.0,0.0,0.0,1,15.5,16.2,15.9,46.1,2.6,2.6,0.0,16.0,53,7.700000000000001,Southwest Airlines Co.,0.49999999999999994,0.8660254037844387,0.39435585511331855,0.9189578116202306
SJU,263.0,226.0,1576.0,2022,0,Summer,Morning,Morning,5.3,7.8,30.6,1.4,1.4,0.0,6.0,53,11.6,28.4,21.3,48.6,0.1,0.1,0.0,1.0,51,6.100000000000001,Frontier Airlines Inc.,1.2246467991473532e-16,-1.0,0.20129852008866006,0.9795299412524945
SDF,115.0,79.0,576.0,2024,1,Spring,Evening,Evening,-7.1,13.7,61.9,3.3,0.1,2.24,10.0,75,9.799999999999999,16.1,25.5,53.3,0.4,0.4,0.0,2.0,51,13.3,PSA Airlines Inc.,1.0,6.123233995736766e-17,0.8486442574947509,0.5289640103269624
PIT,82.0,45.0,268.0,2020,0,Winter,Morning,Morning,-16.1,5.8,24.1,1.7,0.0,1.19,12.0,71,5.9,2.9,19.8,46.4,1.0,0.0,0.7,2.0,73,5.5,American Airlines Inc.,0.49999999999999994,0.8660254037844387,0.0,1.0
ORD,119.0,83.0,678.0,2020,0,Fall,Afternoon,Morning,3.3,11.3,66.2,2.4,2.4,0.0,7.0,55,7.5,22.9,34.9,68.8,0.0,0.0,0.0,0.0,3,11.3,American Airlines Inc.,-1.0,-1.8369701987210297e-16,0.5712682150947923,0.8207634412072763
ORD,128.0,87.0,678.0,2024,0,Summer,Night,Night,8.1,10.5,41.4,0.0,0.0,0.0,0.0,0,12.5,20.5,20.2,49.0,0.0,0.0,0.0,0.0,3,7.0,United Air Lines Inc.,-0.8660254037844384,-0.5000000000000004,0.39435585511331855,0.9189578116202306
RDU,89.0,61.0,337.0,2022,1,Summer,Afternoon,Morning,6.8,7.9,51.5,2.3,2.3,0.0,4.0,61,11.200000000000001,25.6,11.8,22.7,0.1,0.1,0.0,1.0,51,13.299999999999997,Republic Airline,1.2246467991473532e-16,-1.0,0.8486442574947509,0.5289640103269624
MCO,146.0,117.0,861.0,2020,0,Winter,Morning,Morning,-17.0,6.8,44.6,0.0,0.0,0.0,0.0,0,5.899999999999999,21.9,23.5,45.4,0.2,0.2,0.0,2.0,51,6.400000000000002,American Airlines Inc.,-2.4492935982947064e-16,1.0,0.5712682150947923,0.8207634412072763
JAX,125.0,101.0,742.0,2024,0,Spring,Morning,Morning,-14.6,13.1,58.7,1.4,0.0,0.98,6.0,73,15.899999999999999,16.7,9.6,18.7,0.0,0.0,0.0,0.0,3,14.8,PSA Airlines Inc.,1.0,6.123233995736766e-17,0.39435585511331855,0.9189578116202306
BNA,123.0,94.0,675.0,2021,1,Winter,Evening,Afternoon,-20.6,6.9,18.0,0.2,0.0,0.14,2.0,71,6.600000000000001,14.8,12.5,29.5,0.9,0.9,0.0,6.0,51,6.699999999999999,Republic Airline,-2.4492935982947064e-16,1.0,0.9377521321470804,0.3473052528448203
EYW,180.0,160.0,1121.0,2020,0,Winter,Evening,Afternoon,-14.7,13.0,76.7,2.3,0.0,1.61,14.0,73,15.299999999999999,25.2,28.4,37.4,0.2,0.2,0.0,2.0,51,0.9000000000000021,Republic Airline,0.8660254037844386,0.5000000000000001,0.20129852008866006,0.9795299412524945
PIT,74.0,89.0,268.0,2021,1,Summer,Evening,Afternoon,9.5,10.1,45.0,1.2,1.2,0.0,4.0,53,11.7,22.3,19.1,49.3,7.6,7.6,0.0,13.0,61,5.5,PSA Airlines Inc.,-0.4999999999999998,-0.8660254037844388,0.8486442574947509,0.5289640103269624
CLT,92.0,70.0,449.0,2024,1,Winter,Night,Evening,-18.2,8.9,45.0,0.0,0.0,0.0,0.0,3,5.300000000000001,-3.6,16.6,34.9,0.0,0.0,0.0,0.0,2,11.7,American Airlines Inc.,0.49999999999999994,0.8660254037844387,0.9377521321470804,0.3473052528448203
BNA,122.0,84.0,675.0,2021,1,Fall,Evening,Evening,-15.1,9.4,69.5,0.0,0.0,0.0,0.0,3,16.5,3.6,14.8,29.9,0.0,0.0,0.0,0.0,3,13.9,PSA Airlines Inc.,-0.5000000000000004,0.8660254037844384,0.8486442574947509,0.5289640103269624
ORD,131.0,90.0,678.0,2023,1,Fall,Night,Evening,-5.6,9.1,23.8,0.0,0.0,0.0,0.0,1,16.9,20.8,9.1,17.6,0.0,0.0,0.0,0.0,0,11.899999999999999,American Airlines Inc.,-0.8660254037844386,0.5000000000000001,0.9377521321470804,0.3473052528448203
TPA,151.0,122.0,920.0,2024,0,Winter,Evening,Evening,-19.1,12.6,33.8,0.0,0.0,0.0,0.0,0,17.2,15.5,13.5,26.3,0.0,0.0,0.0,0.0,3,11.399999999999999,American Airlines Inc.,-2.4492935982947064e-16,1.0,0.0,1.0
ORD,119.0,84.0,678.0,2020,0,Fall,Morning,Morning,-11.1,8.8,31.7,0.0,0.0,0.0,0.0,0,15.5,5.5,18.1,38.5,0.8,0.8,0.0,5.0,51,8.6,American Airlines Inc.,-0.8660254037844386,0.5000000000000001,0.20129852008866006,0.9795299412524945
DFW,187.0,150.0,1303.0,2024,0,Winter,Morning,Morning,-15.2,9.5,39.6,0.9,0.0,0.63,5.0,73,13.5,12.8,11.5,22.7,0.0,0.0,0.0,0.0,3,14.200000000000001,American Airlines Inc.,0.49999999999999994,0.8660254037844387,0.20129852008866006,0.9795299412524945
LAS,283.0,241.0,2176.0,2021,1,Spring,Afternoon,Morning,1.9,8.9,44.6,0.0,0.0,0.0,0.0,3,10.6,24.8,19.3,36.0,0.0,0.0,0.0,0.0,1,15.0,American Airlines Inc.,0.49999999999999994,-0.8660254037844387,0.9377521321470804,0.3473052528448203
DEN,208.0,183.0,1558.0,2022,0,Winter,Morning,Night,-19.2,10.0,29.2,0.0,0.0,0.0,0.0,0,16.299999999999997,1.3,16.6,26.3,0.0,0.0,0.0,0.0,3,14.1,American Airlines Inc.,-2.4492935982947064e-16,1.0,0.0,1.0
CHS,114.0,83.0,550.0,2022,0,Summer,Night,Evening,13.0,11.1,59.0,0.0,0.0,0.0,0.0,1,13.5,28.1,16.7,29.5,4.1,4.1,0.0,6.0,63,7.9999999999999964,Frontier Airlines Inc.,-0.4999999999999998,-0.8660254037844388,0.39435585511331855,0.9189578116202306
JAX,132.0,104.0,742.0,2023,0,Fall,Afternoon,Morning,-0.6,8.4,29.5,0.4,0.1,0.21,2.0,71,13.6,24.6,15.3,33.5,1.7,1.7,0.0,6.0,53,6.599999999999998,Frontier Airlines Inc.,-0.8660254037844386,0.5000000000000001,0.5712682150947923,0.8207634412072763
DFW,180.0,163.0,1303.0,2020,0,Winter,Evening,Afternoon,-6.8,9.7,49.0,1.5,0.0,1.05,9.0,71,9.6,9.1,14.8,23.4,0.0,0.0,0.0,0.0,0,14.599999999999998,American Airlines Inc.,0.8660254037844386,0.5000000000000001,0.72479278722912,0.6889669190756866
CLT,95.0,76.0,449.0,2022,1,Summer,Afternoon,Afternoon,6.8,6.0,24.8,3.6,3.6,0.0,7.0,53,6.6,26.9,8.6,33.5,0.8,0.8,0.0,2.0,53,10.7,American Airlines Inc.,-0.8660254037844384,-0.5000000000000004,0.8486442574947509,0.5289640103269624
IAH,194.0,161.0,1325.0,2021,0,Fall,Evening,Afternoon,-16.4,13.0,80.6,0.2,0.0,0.14,2.0,71,10.200000000000001,12.9,17.2,30.6,0.0,0.0,0.0,0.0,3,9.599999999999998,American Airlines Inc.,-0.5000000000000004,0.8660254037844384,0.72479278722912,0.6889669190756866
MDW,115.0,93.0,668.0,2024,0,Summer,Morning,Morning,13.3,11.4,39.2,0.0,0.0,0.0,0.0,2,12.399999999999999,23.6,26.0,53.3,13.7,13.7,0.0,12.0,63,7.300000000000001,Southwest Airlines Co.,-0.4999999999999998,-0.8660254037844388,0.0,1.0
CHS,106.0,76.0,550.0,2023,0,Summer,Afternoon,Morning,8.0,9.1,37.1,0.0,0.0,0.0,0.0,2,13.1,23.1,16.2,29.9,0.3,0.3,0.0,2.0,51,7.700000000000003,American Airlines Inc.,1.2246467991473532e-16,-1.0,0.72479278722912,0.6889669190756866
PHX,262.0,217.0,2075.0,2020,0,Spring,Morning,Night,-8.9,8.6,44.6,0.0,0.0,0.0,0.0,3,13.8,11.7,23.1,49.3,8.7,8.7,0.0,6.0,63,8.100000000000001,American Airlines Inc.,1.0,6.123233995736766e-17,0.5712682150947923,0.8207634412072763
ATL,122.0,85.0,666.0,2023,0,Fall,Morning,Morning,-2.2,11.1,38.9,4.1,0.0,2.87,11.0,75,7.3999999999999995,16.9,17.5,29.5,1.7,1.7,0.0,7.0,53,3.3000000000000007,Delta Air Lines Inc.,-0.8660254037844386,0.5000000000000001,0.72479278722912,0.6889669190756866
MIA,159.0,135.0,1013.0,2021,0,Winter,Afternoon,Afternoon,-15.8,10.4,42.1,0.0,0.0,0.0,0.0,1,15.799999999999999,23.5,16.1,31.7,0.6,0.6,0.0,3.0,51,7.100000000000001,American Airlines Inc.,-2.4492935982947064e-16,1.0,0.72479278722912,0.6889669190756866
ORF,61.0,41.0,212.0,2024,0,Fall,Morning,Morning,-6.4,8.4,27.4,0.0,0.0,0.0,0.0,2,12.3,19.8,19.4,36.0,0.0,0.0,0.0,0.0,3,9.900000000000002,PSA Airlines Inc.,-0.8660254037844386,0.5000000000000001,0.5712682150947923,0.8207634412072763
TPA,156.0,121.0,920.0,2023,0,Fall,Night,Evening,-4.6,11.3,42.8,0.0,0.0,0.0,0.0,3,11.899999999999999,25.0,23.2,43.2,0.0,0.0,0.0,0.0,3,9.399999999999999,Frontier Airlines Inc.,-0.8660254037844386,0.5000000000000001,0.5712682150947923,0.8207634412072763
PIT,73.0,46.0,268.0,2020,0,Spring,Evening,Evening,-14.2,6.9,23.0,0.9,0.0,0.63,5.0,73,12.2,11.3,25.2,70.6,8.9,8.9,0.0,12.0,61,4.299999999999999,PSA Airlines Inc.,1.0,6.123233995736766e-17,0.20129852008866006,0.9795299412524945
PHX,265.0,229.0,2075.0,2024,0,Spring,Morning,Night,-3.0,11.2,35.3,0.0,0.0,0.0,0.0,3,18.2,16.7,16.6,30.6,0.0,0.0,0.0,0.0,3,15.6,American Airlines Inc.,0.8660254037844387,-0.49999999999999983,0.0,1.0
CLE,87.0,58.0,363.0,2022,0,Summer,Afternoon,Morning,12.7,10.5,35.6,0.0,0.0,0.0,0.0,0,12.399999999999999,25.5,21.2,38.5,11.1,11.1,0.0,8.0,63,9.100000000000001,PSA Airlines Inc.,-0.4999999999999998,-0.8660254037844388,0.72479278722912,0.6889669190756866
CLT,102.0,65.0,449.0,2025,0,Spring,Morning,Morning,6.2,12.8,40.0,1.9,1.9,0.0,3.0,61,15.7,17.9,16.9,40.0,0.0,0.0,0.0,0.0,3,14.299999999999999,American Airlines Inc.,0.49999999999999994,-0.8660254037844387,0.20129852008866006,0.9795299412524945
DTW,107.0,71.0,453.0,2024,0,Spring,Morning,Morning,-16.9,6.9,25.6,1.7,0.0,1.19,12.0,71,7.500000000000002,1.1,15.5,35.3,0.2,0.2,0.0,2.0,51,9.6,Endeavor Air Inc.,1.0,6.123233995736766e-17,0.72479278722912,0.6889669190756866
BOS,103.0,54.0,280.0,2021,0,Winter,Evening,Evening,-15.5,8.8,26.6,0.0,0.0,0.0,0.0,3,15.399999999999999,5.3,20.4,35.3,0.0,0.0,0.0,0.0,3,7.999999999999999,American Airlines Inc.,-2.4492935982947064e-16,1.0,0.0,1.0
LGA,71.0,32.0,96.0,2024,1,Spring,Morning,Morning,6.2,12.7,51.8,3.4,3.3,0.07,6.0,71,13.3,16.8,17.7,33.8,1.2,1.2,0.0,3.0,53,9.100000000000001,Republic Airline,0.49999999999999994,-0.8660254037844387,0.8486442574947509,0.5289640103269624
MCO,150.0,139.0,861.0,2020,0,Summer,Evening,Afternoon,11.1,11.1,46.1,0.0,0.0,0.0,0.0,3,11.9,27.2,9.7,22.7,19.8,19.8,0.0,11.0,65,9.5,Southwest Airlines Co.,-0.8660254037844384,-0.5000000000000004,0.72479278722912,0.6889669190756866
RDU,90.0,59.0,337.0,2024,0,Winter,Morning,Morning,-15.5,14.1,40.3,0.0,0.0,0.0,0.0,3,13.500000000000002,3.2,12.6,20.9,0.3,0.3,0.0,3.0,51,9.6,American Airlines Inc.,0.49999999999999994,0.8660254037844387,0.20129852008866006,0.9795299412524945
ORD,115.0,98.0,678.0,2020,0,Winter,Night,Evening,-10.6,6.9,28.4,0.0,0.0,0.0,0.0,3,12.9,-0.9,26.4,51.1,4.1,0.0,2.87,18.0,73,3.3000000000000003,American Airlines Inc.,0.8660254037844386,0.5000000000000001,0.39435585511331855,0.9189578116202306
DTW,108.0,62.0,453.0,2025,1,Winter,Morning,Morning,-23.3,8.3,22.0,0.0,0.0,0.0,0.0,0,11.7,-8.0,17.2,30.6,0.0,0.0,0.0,0.0,3,13.6,Delta Air Lines Inc.,0.49999999999999994,0.8660254037844387,0.8486442574947509,0.5289640103269624
DFW,184.0,162.0,1303.0,2023,0,Fall,Evening,Afternoon,-11.2,5.9,19.8,0.0,0.0,0.0,0.0,3,6.4,14.6,19.9,38.2,7.1,7.1,0.0,11.0,61,4.600000000000001,American Airlines Inc.,-0.5000000000000004,0.8660254037844384,0.5712682150947923,0.8207634412072763
DFW,206.0,161.0,1303.0,2023,0,Summer,Morning,Morning,4.9,11.2,34.9,2.4,2.4,0.0,9.0,55,8.2,29.1,16.1,36.0,0.0,0.0,0.0,0.0,0,13.299999999999997,American Airlines Inc.,-0.8660254037844384,-0.5000000000000004,0.39435585511331855,0.9189578116202306
DFW,180.0,143.0,1303.0,2023,0,Winter,Afternoon,Afternoon,-26.5,8.0,24.5,0.0,0.0,0.0,0.0,0,10.5,18.6,32.8,52.9,0.0,0.0,0.0,0.0,3,7.899999999999999,American Airlines Inc.,0.49999999999999994,0.8660254037844387,0.0,1.0
MIA,171.0,135.0,1013.0,2021,0,Winter,Night,Evening,-17.0,9.5,30.2,0.0,0.0,0.0,0.0,3,16.799999999999997,23.0,12.3,24.5,1.7,1.7,0.0,7.0,53,8.0,American Airlines Inc.,-2.4492935982947064e-16,1.0,0.72479278722912,0.6889669190756866
DEN,200.0,188.0,1558.0,2022,0,Fall,Evening,Afternoon,-7.0,9.2,64.8,0.0,0.0,0.0,0.0,2,8.4,1.6,13.7,22.0,0.0,0.0,0.0,0.0,3,14.3,Southwest Airlines Co.,-0.5000000000000004,0.8660254037844384,0.72479278722912,0.6889669190756866
CVG,97.0,64.0,507.0,2020,0,Winter,Evening,Afternoon,-15.3,8.4,39.6,0.0,0.0,0.0,0.0,3,11.399999999999999,0.9,16.3,44.3,4.3,4.3,0.0,13.0,61,2.5,PSA Airlines Inc.,0.8660254037844386,0.5000000000000001,0.5712682150947923,0.8207634412072763
LAS,268.0,240.0,2176.0,2024,0,Spring,Morning,Night,-18.7,9.4,22.3,0.1,0.0,0.07,1.0,71,14.7,12.6,12.6,20.2,0.0,0.0,0.0,0.0,3,12.899999999999999,American Airlines Inc.,1.0,6.123233995736766e-17,0.20129852008866006,0.9795299412524945
CMH,93.0,57.0,406.0,2022,0,Spring,Morning,Morning,2.1,9.6,38.5,0.0,0.0,0.0,0.0,3,11.8,14.1,21.0,45.0,0.0,0.0,0.0,0.0,3,12.000000000000002,Republic Airline,0.49999999999999994,-0.8660254037844387,0.0,1.0
MCO,151.0,112.0,861.0,2020,0,Summer,Afternoon,Afternoon,11.1,11.1,46.1,0.0,0.0,0.0,0.0,3,11.9,27.2,9.7,22.7,19.8,19.8,0.0,11.0,65,9.5,American Airlines Inc.,-0.8660254037844384,-0.5000000000000004,0.72479278722912,0.6889669190756866
LAS,286.0,250.0,2176.0,2020,1,Summer,Afternoon,Morning,6.5,9.9,47.5,0.1,0.1,0.0,1.0,51,10.7,36.5,19.5,36.0,0.0,0.0,0.0,0.0,3,14.499999999999996,American Airlines Inc.,-0.4999999999999998,-0.8660254037844388,0.8486442574947509,0.5289640103269624
PIT,81.0,50.0,268.0,2020,1,Winter,Afternoon,Morning,-15.1,7.6,38.2,0.5,0.0,0.35,5.0,71,7.299999999999999,-5.7,13.2,28.1,0.0,0.0,0.0,0.0,3,17.3,Republic Airline,-2.4492935982947064e-16,1.0,0.9377521321470804,0.3473052528448203
LAX,315.0,278.0,2402.0,2023,0,Summer,Evening,Morning,0.7,10.2,43.9,3.9,2.2,1.19,6.0,75,9.4,21.0,18.8,32.4,0.0,0.0,0.0,0.0,1,9.3,Spirit Air Lines,-0.8660254037844384,-0.5000000000000004,0.0,1.0
SJU,250.0,234.0,1576.0,2025,0,Spring,Morning,Morning,-12.4,8.6,24.8,0.0,0.0,0.0,0.0,1,13.5,24.8,15.5,23.0,0.0,0.0,0.0,0.0,3,3.3000000000000007,Spirit Air Lines,1.0,6.123233995736766e-17,0.5712682150947923,0.8207634412072763
IAH,209.0,176.0,1325.0,2021,1,Summer,Afternoon,Afternoon,11.4,10.5,41.8,0.4,0.4,0.0,3.0,51,9.8,26.3,17.4,38.2,3.8,3.8,0.0,14.0,53,6.100000000000001,SkyWest Airlines Inc.,-0.4999999999999998,-0.8660254037844388,0.8486442574947509,0.5289640103269624
CHS,106.0,93.0,550.0,2022,0,Spring,Morning,Morning,1.1,9.7,40.7,0.0,0.0,0.0,0.0,3,17.4,24.0,20.0,38.9,3.1,3.1,0.0,6.0,61,8.0,PSA Airlines Inc.,0.49999999999999994,-0.8660254037844387,0.39435585511331855,0.9189578116202306
GRR,109.0,80.0,573.0,2021,0,Summer,Evening,Afternoon,8.9,10.0,39.6,1.5,1.5,0.0,5.0,53,9.1,22.4,27.8,59.8,4.4,4.4,0.0,8.0,61,2.700000000000003,PSA Airlines Inc.,-0.4999999999999998,-0.8660254037844388,0.5712682150947923,0.8207634412072763
IAH,188.0,172.0,1325.0,2021,1,Fall,Night,Evening,-19.2,9.1,24.8,0.0,0.0,0.0,0.0,3,10.799999999999999,13.2,9.3,19.1,0.0,0.0,0.0,0.0,0,12.700000000000001,United Air Lines Inc.,-0.5000000000000004,0.8660254037844384,0.9377521321470804,0.3473052528448203
SLC,246.0,236.0,1927.0,2025,0,Summer,Morning,Night,10.9,13.9,41.0,0.0,0.0,0.0,0.0,3,13.0,22.2,15.7,37.4,0.0,0.0,0.0,0.0,3,15.099999999999998,Delta Air Lines Inc.,1.2246467991473532e-16,-1.0,0.39435585511331855,0.9189578116202306
MCI,158.0,123.0,1038.0,2021,0,Fall,Evening,Evening,-13.6,13.6,76.0,0.2,0.0,0.14,2.0,71,12.600000000000001,12.8,24.6,45.4,0.8,0.8,0.0,3.0,51,10.799999999999999,Republic Airline,-0.5000000000000004,0.8660254037844384,0.39435585511331855,0.9189578116202306
BOS,97.0,61.0,280.0,2022,1,Spring,Evening,Afternoon,-10.9,9.3,28.8,2.5,0.0,1.75,6.0,75,15.7,11.6,21.1,36.7,0.9,0.9,0.0,4.0,51,10.799999999999999,JetBlue Airways,1.0,6.123233995736766e-17,0.9377521321470804,0.3473052528448203
BOS,105.0,74.0,280.0,2020,1,Winter,Afternoon,Afternoon,-12.3,5.9,23.0,0.0,0.0,0.0,0.0,3,5.4,15.6,36.1,95.8,1.6,1.6,0.0,5.0,53,12.799999999999999,Republic Airline,0.49999999999999994,0.8660254037844387,0.9377521321470804,0.3473052528448203
BOS,97.0,58.0,280.0,2024,0,Fall,Morning,Morning,5.0,10.5,39.2,1.3,1.3,0.0,1.0,61,12.399999999999999,18.3,17.8,36.7,0.1,0.1,0.0,1.0,51,8.299999999999999,JetBlue Airways,-1.0,-1.8369701987210297e-16,0.72479278722912,0.6889669190756866
ECP,149.0,126.0,886.0,2023,1,Summer,Afternoon,Afternoon,13.0,13.9,50.0,0.0,0.0,0.0,0.0,1,10.200000000000001,26.1,15.5,31.7,3.2,3.2,0.0,7.0,61,6.5,Republic Airline,-0.4999999999999998,-0.8660254037844388,0.8486442574947509,0.5289640103269624
MHT,95.0,70.0,289.0,2023,1,Fall,Evening,Afternoon,-4.8,9.8,25.9,0.0,0.0,0.0,0.0,3,13.299999999999999,9.3,18.3,41.8,6.1,6.1,0.0,6.0,61,11.0,Republic Airline,-0.5000000000000004,0.8660254037844384,0.8486442574947509,0.5289640103269624
ORD,126.0,104.0,678.0,2021,1,Fall,Afternoon,Morning,-2.2,11.2,57.2,13.8,0.0,9.66,17.0,75,10.6,20.2,13.2,26.6,20.9,20.9,0.0,22.0,63,5.0,American Airlines Inc.,-0.8660254037844386,0.5000000000000001,0.9377521321470804,0.3473052528448203
CAK,73.0,53.0,335.0,2020,0,Fall,Morning,Morning,-7.2,6.4,27.7,0.3,0.0,0.21,3.0,71,6.8999999999999995,8.7,13.2,32.4,2.1,2.1,0.0,11.0,51,5.499999999999999,PSA Airlines Inc.,-0.8660254037844386,0.5000000000000001,0.72479278722912,0.6889669190756866
DFW,186.0,147.0,1303.0,2021,1,Winter,Morning,Morning,-15.9,9.5,34.2,0.0,0.0,0.0,0.0,2,15.6,15.0,30.3,50.0,20.7,20.7,0.0,6.0,65,12.599999999999998,American Airlines Inc.,-2.4492935982947064e-16,1.0,0.8486442574947509,0.5289640103269624
JAX,132.0,111.0,742.0,2021,0,Spring,Morning,Morning,0.1,10.9,61.2,0.2,0.0,0.14,2.0,71,8.6,22.9,24.6,51.5,2.8,2.8,0.0,11.0,53,5.899999999999999,Republic Airline,0.49999999999999994,-0.8660254037844387,0.72479278722912,0.6889669190756866
SJU,250.0,211.0,1576.0,2025,0,Spring,Morning,Morning,-3.6,8.1,49.3,0.0,0.0,0.0,0.0,3,10.0,25.6,27.7,36.4,0.2,0.2,0.0,2.0,51,2.3000000000000007,Spirit Air Lines,0.8660254037844387,-0.49999999999999983,0.0,1.0
ORF,66.0,43.0,212.0,2022,0,Summer,Morning,Morning,10.1,12.5,67.3,0.0,0.0,0.0,0.0,0,11.0,28.4,22.3,38.9,0.3,0.3,0.0,3.0,51,7.600000000000001,PSA Airlines Inc.,-0.4999999999999998,-0.8660254037844388,0.20129852008866006,0.9795299412524945
SEA,305.0,278.0,2378.0,2022,1,Summer,Morning,Night,12.3,10.1,43.9,0.0,0.0,0.0,0.0,0,12.8,15.1,16.1,32.4,6.1,6.1,0.0,13.0,61,5.900000000000002,American Airlines Inc.,-0.4999999999999998,-0.8660254037844388,0.9377521321470804,0.3473052528448203
DTW,99.0,61.0,453.0,2024,0,Fall,Morning,Morning,6.2,9.7,37.1,0.0,0.0,0.0,0.0,1,15.0,19.4,20.5,39.6,8.4,8.4,0.0,5.0,63,6.599999999999998,American Airlines Inc.,-1.0,-1.8369701987210297e-16,0.0,1.0
IAH,192.0,161.0,1325.0,2022,0,Fall,Evening,Afternoon,-7.4,10.6,73.1,0.0,0.0,0.0,0.0,3,6.6000000000000005,12.6,13.6,27.7,0.0,0.0,0.0,0.0,3,13.0,American Airlines Inc.,-0.5000000000000004,0.8660254037844384,0.39435585511331855,0.9189578116202306
BDL,77.0,51.0,196.0,2024,1,Fall,Morning,Morning,0.7,10.8,40.3,0.1,0.1,0.0,1.0,51,12.0,9.0,14.7,42.1,6.5,6.5,0.0,10.0,61,6.6000000000000005,American Airlines Inc.,-0.8660254037844386,0.5000000000000001,0.9377521321470804,0.3473052528448203
BNA,115.0,91.0,675.0,2021,1,Fall,Night,Evening,-4.0,6.2,20.9,0.0,0.0,0.0,0.0,3,12.799999999999999,12.4,9.2,18.7,0.0,0.0,0.0,0.0,0,12.200000000000001,Southwest Airlines Co.,-0.8660254037844386,0.5000000000000001,0.9377521321470804,0.3473052528448203
ATL,123.0,92.0,666.0,2022,1,Fall,Evening,Afternoon,-17.4,9.1,32.0,0.0,0.0,0.0,0.0,3,12.899999999999999,16.6,22.4,42.8,0.8,0.8,0.0,5.0,51,7.799999999999999,Delta Air Lines Inc.,-0.5000000000000004,0.8660254037844384,0.8486442574947509,0.5289640103269624
MSY,162.0,141.0,1089.0,2020,0,Winter,Afternoon,Morning,-16.1,7.9,26.3,0.0,0.0,0.0,0.0,3,11.1,18.8,32.2,60.5,11.6,11.6,0.0,18.0,61,10.6,American Airlines Inc.,0.49999999999999994,0.8660254037844387,0.5712682150947923,0.8207634412072763
ATL,120.0,96.0,666.0,2023,0,Spring,Night,Night,-2.5,8.7,38.9,0.1,0.0,0.07,1.0,71,12.799999999999999,14.8,28.9,54.4,13.8,13.8,0.0,9.0,63,8.799999999999999,Southwest Airlines Co.,0.8660254037844387,-0.49999999999999983,0.5712682150947923,0.8207634412072763
BOS,80.0,57.0,280.0,2020,0,Summer,Morning,Morning,6.8,5.4,24.8,1.9,1.9,0.0,6.0,61,8.3,21.2,16.0,31.3,0.0,0.0,0.0,0.0,3,10.9,American Airlines Inc.,-0.8660254037844384,-0.5000000000000004,0.39435585511331855,0.9189578116202306
PHX,259.0,225.0,2075.0,2024,1,Fall,Morning,Night,-11.8,12.4,49.3,0.9,0.0,0.63,4.0,73,17.5,14.3,7.4,17.3,0.0,0.0,0.0,0.0,0,16.7,American Airlines Inc.,-0.5000000000000004,0.8660254037844384,0.8486442574947509,0.5289640103269624
ATL,117.0,88.0,666.0,2022,0,Winter,Morning,Morning,-16.2,8.6,21.2,0.0,0.0,0.0,0.0,3,15.2,7.7,25.6,47.9,5.6,5.6,0.0,2.0,63,14.299999999999999,Delta Air Lines Inc.,0.49999999999999994,0.8660254037844387,0.5712682150947923,0.8207634412072763
FLL,165.0,134.0,992.0,2023,0,Winter,Afternoon,Afternoon,-14.3,10.0,19.4,0.0,0.0,0.0,0.0,3,11.5,20.5,21.7,36.4,0.0,0.0,0.0,0.0,3,4.100000000000001,American Airlines Inc.,-2.4492935982947064e-16,1.0,0.72479278722912,0.6889669190756866
CVG,101.0,73.0,507.0,2024,1,Summer,Morning,Morning,9.1,12.2,47.2,6.9,6.9,0.0,7.0,63,12.5,22.3,16.4,38.5,4.7,4.7,0.0,8.0,61,6.600000000000001,American Airlines Inc.,-0.8660254037844384,-0.5000000000000004,0.9377521321470804,0.3473052528448203
CMH,91.0,60.0,406.0,2024,1,Fall,Morning,Morning,0.7,10.8,40.3,0.1,0.1,0.0,1.0,51,12.0,19.0,28.8,58.0,20.9,20.9,0.0,4.0,65,9.4,PSA Airlines Inc.,-0.8660254037844386,0.5000000000000001,0.9377521321470804,0.3473052528448203
SEA,305.0,276.0,2378.0,2021,0,Winter,Afternoon,Morning,-13.5,8.0,55.4,0.0,0.0,0.0,0.0,3,10.200000000000001,3.2,13.0,26.3,0.0,0.0,0.0,0.0,3,7.0,Alaska Airlines Inc.,0.49999999999999994,0.8660254037844387,0.20129852008866006,0.9795299412524945
ATL,120.0,96.0,666.0,2023,1,Summer,Afternoon,Afternoon,8.6,12.2,64.4,0.0,0.0,0.0,0.0,2,9.600000000000001,22.9,19.4,36.0,0.1,0.1,0.0,1.0,51,12.3,Southwest Airlines Co.,1.2246467991473532e-16,-1.0,0.8486442574947509,0.5289640103269624
MCI,175.0,159.0,1038.0,2024,0,Spring,Night,Night,5.9,12.6,44.3,0.0,0.0,0.0,0.0,3,13.2,21.1,26.0,50.4,13.7,13.7,0.0,9.0,63,8.2,Frontier Airlines Inc.,0.49999999999999994,-0.8660254037844387,0.72479278722912,0.6889669190756866
MCO,148.0,114.0,861.0,2021,0,Spring,Evening,Afternoon,-13.1,12.0,73.1,1.1,0.0,0.77,9.0,71,10.700000000000001,24.9,22.0,46.4,0.0,0.0,0.0,0.0,3,13.799999999999997,American Airlines Inc.,1.0,6.123233995736766e-17,0.39435585511331855,0.9189578116202306
PVD,80.0,56.0,237.0,2021,0,Summer,Evening,Afternoon,-2.4,6.7,23.4,2.9,0.7,1.54,12.0,73,10.3,18.0,28.4,54.7,0.0,0.0,0.0,0.0,2,11.799999999999999,PSA Airlines Inc.,1.2246467991473532e-16,-1.0,0.5712682150947923,0.8207634412072763
CLT,105.0,90.0,449.0,2023,0,Summer,Evening,Afternoon,7.7,10.4,28.8,0.6,0.6,0.0,4.0,51,12.6,24.7,8.0,18.7,0.2,0.2,0.0,1.0,51,8.799999999999997,Frontier Airlines Inc.,-0.4999999999999998,-0.8660254037844388,0.0,1.0
GSO,83.0,58.0,365.0,2020,1,Fall,Morning,Morning,-9.8,8.3,32.4,0.0,0.0,0.0,0.0,0,11.4,10.8,10.9,19.8,0.0,0.0,0.0,0.0,2,11.6,PSA Airlines Inc.,-0.8660254037844386,0.5000000000000001,0.9377521321470804,0.3473052528448203
MIA,170.0,144.0,1013.0,2022,1,Winter,Afternoon,Afternoon,-15.6,9.4,47.9,0.7,0.0,0.49,5.0,71,9.9,15.0,31.7,55.1,0.1,0.1,0.0,1.0,51,9.0,American Airlines Inc.,0.49999999999999994,0.8660254037844387,0.8486442574947509,0.5289640103269624
MIA,167.0,134.0,1013.0,2021,0,Spring,Night,Night,-1.1,11.2,69.5,0.0,0.0,0.0,0.0,3,7.5,27.3,15.1,32.8,2.6,2.6,0.0,7.0,53,6.699999999999999,American Airlines Inc.,0.49999999999999994,-0.8660254037844387,0.39435585511331855,0.9189578116202306
RDU,86.0,57.0,337.0,2020,0,Winter,Afternoon,Afternoon,-15.0,7.1,35.3,0.0,0.0,0.0,0.0,3,9.299999999999999,11.1,19.9,45.7,6.7,6.7,0.0,12.0,61,10.0,American Airlines Inc.,0.49999999999999994,0.8660254037844387,0.72479278722912,0.6889669190756866
PHX,281.0,234.0,2075.0,2022,1,Summer,Afternoon,Morning,10.6,12.3,51.5,0.0,0.0,0.0,0.0,2,11.9,34.3,29.8,55.4,0.1,0.1,0.0,1.0,51,11.599999999999998,American Airlines Inc.,-0.4999999999999998,-0.8660254037844388,0.8486442574947509,0.5289640103269624
TPA,145.0,120.0,920.0,2020,1,Winter,Afternoon,Morning,-18.2,9.3,30.2,0.0,0.0,0.0,0.0,3,16.2,12.3,12.5,22.7,0.0,0.0,0.0,0.0,3,9.899999999999999,Southwest Airlines Co.,0.49999999999999994,0.8660254037844387,0.9377521321470804,0.3473052528448203
CVG,105.0,72.0,507.0,2024,0,Summer,Evening,Afternoon,5.9,8.9,29.5,2.8,2.8,0.0,8.0,55,9.0,18.4,14.8,34.6,0.0,0.0,0.0,0.0,3,8.299999999999999,PSA Airlines Inc.,-0.8660254037844384,-0.5000000000000004,0.20129852008866006,0.9795299412524945
DTW,104.0,72.0,453.0,2024,0,Fall,Afternoon,Morning,-2.9,10.9,50.8,0.1,0.0,0.07,1.0,71,11.0,17.8,21.5,44.3,0.0,0.0,0.0,0.0,3,5.0,PSA Airlines Inc.,-0.8660254037844386,0.5000000000000001,0.39435585511331855,0.9189578116202306
ORF,68.0,43.0,212.0,2020,0,Winter,Evening,Afternoon,-10.7,7.6,45.4,4.2,0.1,2.87,13.0,73,4.800000000000001,15.5,33.0,71.3,6.8,6.8,0.0,10.0,61,12.7,PSA Airlines Inc.,0.8660254037844386,0.5000000000000001,0.5712682150947923,0.8207634412072763
MCO,150.0,119.0,861.0,2024,0,Fall,Night,Evening,3.5,12.3,39.2,0.0,0.0,0.0,0.0,3,14.2,26.0,13.0,37.1,13.7,13.7,0.0,13.0,63,9.100000000000001,American Airlines Inc.,-1.0,-1.8369701987210297e-16,0.5712682150947923,0.8207634412072763
TYS,115.0,80.0,554.0,2022,0,Fall,Morning,Morning,-6.3,5.9,43.6,24.9,0.0,17.5,24.0,75,0.7999999999999998,15.4,9.1,16.2,0.0,0.0,0.0,0.0,3,16.4,PSA Airlines Inc.,-0.8660254037844386,0.5000000000000001,0.5712682150947923,0.8207634412072763
ORD,129.0,84.0,678.0,2021,0,Fall,Night,Evening,-12.1,8.0,20.5,0.0,0.0,0.0,0.0,3,8.200000000000001,11.2,18.4,37.1,0.0,0.0,0.0,0.0,3,4.300000000000001,United Air Lines Inc.,-0.5000000000000004,0.8660254037844384,0.20129852008866006,0.9795299412524945
IAH,201.0,160.0,1325.0,2024,1,Summer,Evening,Afternoon,4.9,10.7,38.2,14.1,14.1,0.0,17.0,63,4.6,25.5,10.1,26.6,18.7,18.7,0.0,6.0,65,5.899999999999999,American Airlines Inc.,-0.4999999999999998,-0.8660254037844388,0.8486442574947509,0.5289640103269624
MCO,150.0,123.0,861.0,2020,0,Winter,Evening,Evening,-16.5,7.7,25.6,0.0,0.0,0.0,0.0,2,8.4,11.9,10.9,22.0,0.0,0.0,0.0,0.0,3,12.700000000000001,American Airlines Inc.,-2.4492935982947064e-16,1.0,0.5712682150947923,0.8207634412072763
BTV,87.0,56.0,335.0,2020,0,Fall,Morning,Morning,0.2,6.1,28.8,0.1,0.1,0.0,1.0,51,11.2,14.1,10.9,24.5,0.1,0.1,0.0,1.0,51,12.899999999999999,PSA Airlines Inc.,-1.0,-1.8369701987210297e-16,0.39435585511331855,0.9189578116202306
ORD,120.0,108.0,678.0,2021,1,Spring,Evening,Evening,-8.7,7.8,27.7,0.0,0.0,0.0,0.0,1,12.2,9.1,15.4,29.2,2.3,2.3,0.0,4.0,61,8.8,American Airlines Inc.,0.8660254037844387,-0.49999999999999983,0.9377521321470804,0.3473052528448203
IAH,190.0,154.0,1325.0,2024,0,Winter,Night,Evening,-17.2,6.5,21.6,0.4,0.0,0.28,2.0,73,8.0,17.0,15.0,29.2,26.1,26.1,0.0,11.0,65,8.8,United Air Lines Inc.,0.49999999999999994,0.8660254037844387,0.5712682150947923,0.8207634412072763
DTW,104.0,79.0,453.0,2021,0,Summer,Evening,Evening,8.5,7.6,39.6,1.1,1.1,0.0,3.0,53,10.9,25.8,17.1,43.2,6.7,6.7,0.0,14.0,61,8.3,Republic Airline,1.2246467991473532e-16,-1.0,0.0,1.0
ORD,116.0,107.0,678.0,2022,1,Winter,Evening,Afternoon,-13.6,9.0,42.1,0.0,0.0,0.0,0.0,2,15.8,-0.3,22.9,41.8,0.0,0.0,0.0,0.0,3,10.100000000000001,American Airlines Inc.,0.8660254037844386,0.5000000000000001,0.9377521321470804,0.3473052528448203
CLT,99.0,70.0,449.0,2024,0,Fall,Evening,Afternoon,-7.2,9.4,29.2,0.0,0.0,0.0,0.0,0,12.200000000000001,17.9,12.6,27.0,0.0,0.0,0.0,0.0,3,11.6,American Airlines Inc.,-0.8660254037844386,0.5000000000000001,0.39435585511331855,0.9189578116202306
BDL,82.0,52.0,196.0,2024,0,Summer,Morning,Morning,5.3,13.8,51.5,1.2,1.2,0.0,4.0,51,12.700000000000001,22.0,17.0,47.2,3.3,3.3,0.0,3.0,63,10.8,PSA Airlines Inc.,1.2246467991473532e-16,-1.0,0.72479278722912,0.6889669190756866
SFO,312.0,308.0,2521.0,2020,0,Winter,Morning,Night,-6.7,9.7,47.9,0.0,0.0,0.0,0.0,3,13.1,14.5,9.8,21.2,0.0,0.0,0.0,0.0,3,13.5,American Airlines Inc.,0.8660254037844386,0.5000000000000001,0.5712682150947923,0.8207634412072763
CLE,85.0,51.0,363.0,2021,1,Winter,Afternoon,Morning,-13.6,9.3,46.8,0.0,0.0,0.0,0.0,0,8.5,2.3,18.4,39.6,2.5,1.9,0.42,9.0,73,2.5,PSA Airlines Inc.,0.49999999999999994,0.8660254037844387,0.9377521321470804,0.3473052528448203
SFO,327.0,289.0,2521.0,2024,1,Winter,Evening,Morning,-13.9,13.1,36.4,0.1,0.0,0.07,1.0,71,16.6,13.0,15.3,27.7,0.0,0.0,0.0,0.0,3,5.599999999999998,United Air Lines Inc.,0.49999999999999994,0.8660254037844387,0.8486442574947509,0.5289640103269624
BOS,94.0,59.0,280.0,2022,1,Summer,Night,Evening,7.3,9.7,40.0,4.3,4.3,0.0,15.0,53,6.799999999999999,21.2,22.2,39.2,0.0,0.0,0.0,0.0,3,13.5,American Airlines Inc.,-0.8660254037844384,-0.5000000000000004,0.9377521321470804,0.3473052528448203
CHS,113.0,87.0,550.0,2020,0,Summer,Morning,Morning,11.1,11.1,46.1,0.0,0.0,0.0,0.0,3,11.9,27.5,14.2,29.2,0.9,0.9,0.0,3.0,51,6.600000000000001,Republic Airline,-0.8660254037844384,-0.5000000000000004,0.72479278722912,0.6889669190756866
DFW,205.0,161.0,1303.0,2021,1,Summer,Morning,Morning,7.8,11.5,61.2,0.0,0.0,0.0,0.0,3,8.8,23.0,19.1,37.8,23.3,23.3,0.0,13.0,63,9.099999999999998,American Airlines Inc.,1.2246467991473532e-16,-1.0,0.9377521321470804,0.3473052528448203
LAX,302.0,274.0,2402.0,2022,0,Fall,Morning,Night,-7.4,10.6,73.1,0.0,0.0,0.0,0.0,3,6.6000000000000005,13.2,16.3,31.7,0.0,0.0,0.0,0.0,3,12.6,American Airlines Inc.,-0.5000000000000004,0.8660254037844384,0.39435585511331855,0.9189578116202306
MCO,151.0,121.0,861.0,2020,0,Spring,Night,Night,-9.3,7.2,33.8,0.1,0.0,0.07,1.0,71,13.000000000000002,23.5,16.1,36.0,0.0,0.0,0.0,0.0,3,14.299999999999997,Frontier Airlines Inc.,1.0,6.123233995736766e-17,0.39435585511331855,0.9189578116202306
DFW,200.0,160.0,1303.0,2020,0,Summer,Night,Evening,6.2,10.9,54.4,0.6,0.6,0.0,3.0,51,11.5,33.7,20.8,40.0,0.0,0.0,0.0,0.0,2,11.099999999999998,American Airlines Inc.,-0.8660254037844384,-0.5000000000000004,0.5712682150947923,0.8207634412072763
